시군구,번지,단지명,전용면적,거래금액
서울특별시 마포구 공덕동,371,공덕1삼성래미안,114.88,"85,500"
서울특별시 마포구 공덕동,371,공덕1삼성래미안,59.74,"63,900"
서울특별시 마포구 공덕동,371,공덕1삼성래미안,59.74,"65,000"
서울특별시 마포구 공덕동,371,공덕1삼성래미안,59.74,"68,000"
서울특별시 마포구 공덕동,371,공덕1삼성래미안,114.88,"97,000"
서울특별시 마포구 공덕동,371,공덕1삼성래미안,84.94,"84,000"
서울특별시 마포구 공덕동,371,공덕1삼성래미안,114.88,"90,000"
서울특별시 마포구 공덕동,371,공덕1삼성래미안,59.74,"70,000"
서울특별시 마포구 공덕동,371,공덕1삼성래미안,59.74,"69,500"
서울특별시 마포구 공덕동,371,공덕1삼성래미안,114.88,"100,000"
서울특별시 마포구 공덕동,371,공덕1삼성래미안,59.74,"66,000"
서울특별시 마포구 공덕동,371,공덕1삼성래미안,84.94,"90,000"
서울특별시 마포구 공덕동,371,공덕1삼성래미안,114.88,"109,000"
서울특별시 마포구 공덕동,43,공덕2삼성래미안,84.94,"76,000"
서울특별시 마포구 공덕동,43,공덕2삼성래미안,114.87,"90,000"
서울특별시 마포구 공덕동,43,공덕2삼성래미안,114.87,"89,000"
서울특별시 마포구 공덕동,43,공덕2삼성래미안,114.87,"86,000"
서울특별시 마포구 공덕동,43,공덕2삼성래미안,114.87,"90,000"
서울특별시 마포구 공덕동,43,공덕2삼성래미안,84.94,"77,500"
서울특별시 마포구 공덕동,43,공덕2삼성래미안,84.94,"53,800"
서울특별시 마포구 공덕동,43,공덕2삼성래미안,84.94,"86,500"
서울특별시 마포구 공덕동,43,공덕2삼성래미안,59.97,"73,500"
서울특별시 마포구 공덕동,43,공덕2삼성래미안,59.97,"75,000"
서울특별시 마포구 공덕동,43,공덕2삼성래미안,59.97,"78,000"
서울특별시 마포구 공덕동,43,공덕2삼성래미안,114.87,"93,000"
서울특별시 마포구 공덕동,43,공덕2삼성래미안,59.97,"75,000"
서울특별시 마포구 공덕동,43,공덕2삼성래미안,84.94,"87,500"
서울특별시 마포구 공덕동,43,공덕2삼성래미안,84.94,"88,000"
서울특별시 마포구 공덕동,457,공덕3삼성래미안,59.97,"78,500"
서울특별시 마포구 공덕동,457,공덕3삼성래미안,59.97,"81,000"
서울특별시 마포구 공덕동,457,공덕3삼성래미안,84.98,"99,000"
서울특별시 마포구 공덕동,457,공덕3삼성래미안,114.98,"125,000"
서울특별시 마포구 공덕동,457,공덕3삼성래미안,84.98,"105,000"
서울특별시 마포구 공덕동,457,공덕3삼성래미안,59.97,"83,500"
서울특별시 마포구 공덕동,457,공덕3삼성래미안,84.98,"103,000"
서울특별시 마포구 공덕동,476,공덕파크자이,84.8852,"117,000"
서울특별시 마포구 공덕동,476,공덕파크자이,121.4551,"155,000"
서울특별시 마포구 공덕동,476,공덕파크자이,149.0423,"175,000"
서울특별시 마포구 공덕동,370-9,공덕현대,84.61,"59,000"
서울특별시 마포구 공덕동,370-9,공덕현대,84.61,"61,500"
서울특별시 마포구 공덕동,370-9,공덕현대,71.82,"60,000"
서울특별시 마포구 공덕동,370-9,공덕현대,84.61,"66,800"
서울특별시 마포구 공덕동,370-9,공덕현대,84.61,"66,800"
서울특별시 마포구 공덕동,464,래미안공덕4차,59.9,"74,500"
서울특별시 마포구 공덕동,464,래미안공덕4차,83.42,"84,700"
서울특별시 마포구 공덕동,464,래미안공덕4차,112.71,"96,000"
서울특별시 마포구 공덕동,464,래미안공덕4차,59.9,"74,000"
서울특별시 마포구 공덕동,464,래미안공덕4차,59.9,"70,500"
서울특별시 마포구 공덕동,464,래미안공덕4차,59.9,"72,700"
서울특별시 마포구 공덕동,464,래미안공덕4차,59.9,"72,800"
서울특별시 마포구 공덕동,464,래미안공덕4차,59.9,"74,000"
서울특별시 마포구 공덕동,464,래미안공덕4차,59.9,"72,000"
서울특별시 마포구 공덕동,464,래미안공덕4차,83.42,"87,000"
서울특별시 마포구 공덕동,464,래미안공덕4차,59.9,"67,300"
서울특별시 마포구 공덕동,464,래미안공덕4차,59.9,"72,000"
서울특별시 마포구 공덕동,464,래미안공덕4차,59.9,"74,900"
서울특별시 마포구 공덕동,464,래미안공덕4차,83.42,"89,700"
서울특별시 마포구 공덕동,464,래미안공덕4차,59.9,"77,000"
서울특별시 마포구 공덕동,464,래미안공덕4차,59.9,"80,000"
서울특별시 마포구 공덕동,464,래미안공덕4차,59.9,"78,500"
서울특별시 마포구 공덕동,464,래미안공덕4차,59.9,"85,000"
서울특별시 마포구 공덕동,464,래미안공덕4차,59.9,"78,800"
서울특별시 마포구 공덕동,469,래미안공덕5차,59.959,"78,000"
서울특별시 마포구 공덕동,469,래미안공덕5차,59.959,"71,500"
서울특별시 마포구 공덕동,469,래미안공덕5차,59.968,"79,000"
서울특별시 마포구 공덕동,469,래미안공덕5차,59.959,"68,000"
서울특별시 마포구 공덕동,469,래미안공덕5차,84.871,"85,000"
서울특별시 마포구 공덕동,469,래미안공덕5차,113.866,"100,000"
서울특별시 마포구 공덕동,469,래미안공덕5차,59.97,"84,500"
서울특별시 마포구 공덕동,469,래미안공덕5차,113.866,"120,000"
서울특별시 마포구 공덕동,469,래미안공덕5차,59.959,"79,000"
서울특별시 마포구 공덕동,469,래미안공덕5차,84.851,"96,000"
서울특별시 마포구 공덕동,469,래미안공덕5차,59.959,"85,000"
서울특별시 마포구 공덕동,469,래미안공덕5차,59.959,"87,000"
서울특별시 마포구 공덕동,469,래미안공덕5차,59.959,"89,500"
서울특별시 마포구 공덕동,469,래미안공덕5차,59.959,"88,500"
서울특별시 마포구 공덕동,111-7,로즈빌A,76.04,"44,000"
서울특별시 마포구 공덕동,467,롯데캐슬프레지던트,245.39,"310,000"
서울특별시 마포구 공덕동,467,롯데캐슬프레지던트,191.872,"147,000"
서울특별시 마포구 공덕동,467,롯데캐슬프레지던트,191.872,"150,000"
서울특별시 마포구 공덕동,467,롯데캐슬프레지던트,191.532,"164,000"
서울특별시 마포구 공덕동,467,롯데캐슬프레지던트,191.872,"147,000"
서울특별시 마포구 공덕동,462,마포공덕파크팰리스Ⅱ,119.07,"76,500"
서울특별시 마포구 공덕동,462,마포공덕파크팰리스Ⅱ,141.46,"83,000"
서울특별시 마포구 공덕동,188-108,마포현대,59.95,"49,000"
서울특별시 마포구 공덕동,188-108,마포현대,84.87,"62,000"
서울특별시 마포구 공덕동,188-108,마포현대,72.49,"59,000"
서울특별시 마포구 공덕동,188-108,마포현대,84.87,"64,000"
서울특별시 마포구 공덕동,188-108,마포현대,84.87,"67,700"
서울특별시 마포구 공덕동,188-108,마포현대,72.49,"56,500"
서울특별시 마포구 공덕동,188-108,마포현대,72.49,"65,000"
서울특별시 마포구 공덕동,188-108,마포현대,59.95,"51,900"
서울특별시 마포구 공덕동,188-108,마포현대,59.95,"50,000"
서울특별시 마포구 공덕동,460,한화꿈에그린,84.939,"82,000"
서울특별시 마포구 공덕동,460,한화꿈에그린,113.667,"88,000"
서울특별시 마포구 공덕동,460,한화꿈에그린,84.939,"76,900"
서울특별시 마포구 공덕동,460,한화꿈에그린,113.667,"93,800"
서울특별시 마포구 공덕동,460,한화꿈에그린,84.939,"80,000"
서울특별시 마포구 노고산동,01월 03일,신촌포스빌,32.34,"28,000"
서울특별시 마포구 노고산동,01월 03일,신촌포스빌,32.34,"29,300"
서울특별시 마포구 노고산동,01월 03일,신촌포스빌,32.34,"28,000"
서울특별시 마포구 노고산동,01월 03일,신촌포스빌,32.34,"29,000"
서울특별시 마포구 노고산동,01월 03일,신촌포스빌,32.34,"29,000"
서울특별시 마포구 노고산동,01월 03일,신촌포스빌,32.34,"29,000"
서울특별시 마포구 노고산동,01월 03일,신촌포스빌,32.34,"29,000"
서울특별시 마포구 노고산동,01월 03일,신촌포스빌,29.03,"27,900"
서울특별시 마포구 노고산동,01월 03일,신촌포스빌,32.34,"28,000"
서울특별시 마포구 노고산동,01월 03일,신촌포스빌,32.34,"29,500"
서울특별시 마포구 노고산동,01월 03일,신촌포스빌,32.34,"29,950"
서울특별시 마포구 노고산동,01월 03일,신촌포스빌,32.34,"31,500"
서울특별시 마포구 노고산동,01월 03일,신촌포스빌,32.34,"29,000"
서울특별시 마포구 노고산동,107-36,현대벤처빌,34.64,"27,700"
서울특별시 마포구 노고산동,107-36,현대벤처빌,31.57,"23,000"
서울특별시 마포구 노고산동,107-36,현대벤처빌,41.58,"28,700"
서울특별시 마포구 노고산동,107-36,현대벤처빌,34.64,"28,000"
서울특별시 마포구 노고산동,107-36,현대벤처빌,36,"28,000"
서울특별시 마포구 대흥동,802,대흥동세양,60,"53,000"
서울특별시 마포구 대흥동,802,대흥동세양,84.6,"66,000"
서울특별시 마포구 대흥동,802,대흥동세양,60,"26,000"
서울특별시 마포구 대흥동,802,대흥동세양,114.24,"80,000"
서울특별시 마포구 대흥동,802,대흥동세양,60,"60,000"
서울특별시 마포구 대흥동,804,마포자이2차,118.56,"125,000"
서울특별시 마포구 대흥동,804,마포자이2차,84.95,"104,500"
서울특별시 마포구 대흥동,804,마포자이2차,118.79,"125,000"
서울특별시 마포구 대흥동,804,마포자이2차,84.44,"104,000"
서울특별시 마포구 대흥동,804,마포자이2차,84.44,"111,000"
서울특별시 마포구 대흥동,804,마포자이2차,118.79,"135,000"
서울특별시 마포구 대흥동,804,마포자이2차,118.79,"127,000"
서울특별시 마포구 대흥동,804,마포자이2차,118.79,"95,000"
서울특별시 마포구 대흥동,804,마포자이2차,84.95,"110,000"
서울특별시 마포구 대흥동,804,마포자이2차,84.44,"113,000"
서울특별시 마포구 대흥동,804,마포자이2차,118.79,"135,000"
서울특별시 마포구 대흥동,660,마포태영,59.4,"59,900"
서울특별시 마포구 대흥동,660,마포태영,114.93,"90,000"
서울특별시 마포구 대흥동,660,마포태영,59.4,"61,800"
서울특별시 마포구 대흥동,660,마포태영,59.4,"59,400"
서울특별시 마포구 대흥동,660,마포태영,84.77,"76,000"
서울특별시 마포구 대흥동,660,마포태영,84.77,"80,000"
서울특별시 마포구 대흥동,660,마포태영,114.93,"91,500"
서울특별시 마포구 대흥동,660,마포태영,59.4,"61,400"
서울특별시 마포구 대흥동,660,마포태영,59.4,"62,700"
서울특별시 마포구 대흥동,660,마포태영,59.4,"61,500"
서울특별시 마포구 대흥동,660,마포태영,59.4,"63,500"
서울특별시 마포구 대흥동,660,마포태영,59.4,"63,000"
서울특별시 마포구 대흥동,660,마포태영,59.4,"63,000"
서울특별시 마포구 대흥동,660,마포태영,59.4,"64,900"
서울특별시 마포구 대흥동,660,마포태영,84.77,"80,000"
서울특별시 마포구 대흥동,660,마포태영,84.77,"81,000"
서울특별시 마포구 대흥동,660,마포태영,59.4,"64,700"
서울특별시 마포구 대흥동,660,마포태영,84.77,"73,000"
서울특별시 마포구 대흥동,660,마포태영,59.4,"64,000"
서울특별시 마포구 대흥동,660,마포태영,84.77,"67,000"
서울특별시 마포구 대흥동,660,마포태영,84.77,"84,900"
서울특별시 마포구 대흥동,660,마포태영,59.4,"60,000"
서울특별시 마포구 대흥동,660,마포태영,84.77,"87,000"
서울특별시 마포구 대흥동,660,마포태영,59.4,"66,850"
서울특별시 마포구 대흥동,660,마포태영,84.77,"89,800"
서울특별시 마포구 대흥동,660,마포태영,59.4,"69,000"
서울특별시 마포구 대흥동,660,마포태영,84.77,"81,000"
서울특별시 마포구 대흥동,660,마포태영,84.77,"90,000"
서울특별시 마포구 대흥동,660,마포태영,59.4,"70,800"
서울특별시 마포구 대흥동,660,마포태영,59.4,"63,500"
서울특별시 마포구 대흥동,660,마포태영,59.4,"69,900"
서울특별시 마포구 대흥동,12-41,서희스타힐스,12.88,"21,500"
서울특별시 마포구 대흥동,12-41,서희스타힐스,12.85,"21,000"
서울특별시 마포구 대흥동,12-41,서희스타힐스,12.85,"21,500"
서울특별시 마포구 대흥동,12-41,서희스타힐스,12.85,"21,000"
서울특별시 마포구 도화동,544,고려,84.51,"55,000"
서울특별시 마포구 도화동,544,고려,79.33,"58,000"
서울특별시 마포구 도화동,357,도화동현대,68.22,"58,000"
서울특별시 마포구 도화동,357,도화동현대,128.26,"74,200"
서울특별시 마포구 도화동,357,도화동현대,68.22,"58,000"
서울특별시 마포구 도화동,357,도화동현대,68.22,"58,500"
서울특별시 마포구 도화동,357,도화동현대,147.37,"81,000"
서울특별시 마포구 도화동,357,도화동현대,128.26,"78,000"
서울특별시 마포구 도화동,357,도화동현대,128.26,"79,500"
서울특별시 마포구 도화동,357,도화동현대,128.26,"71,000"
서울특별시 마포구 도화동,357,도화동현대,68.22,"62,000"
서울특별시 마포구 도화동,357,도화동현대,128.26,"78,000"
서울특별시 마포구 도화동,357,도화동현대,68.22,"65,000"
서울특별시 마포구 도화동,357,도화동현대,79.83,"63,000"
서울특별시 마포구 도화동,357,도화동현대,128.26,"75,500"
서울특별시 마포구 도화동,357,도화동현대,68.22,"62,000"
서울특별시 마포구 도화동,357,도화동현대,68.22,"61,500"
서울특별시 마포구 도화동,357,도화동현대,128.26,"80,000"
서울특별시 마포구 도화동,357,도화동현대,147.37,"78,500"
서울특별시 마포구 도화동,357,도화동현대,68.22,"63,000"
서울특별시 마포구 도화동,357,도화동현대,128.26,"70,500"
서울특별시 마포구 도화동,357,도화동현대,112.09,"79,500"
서울특별시 마포구 도화동,357,도화동현대,68.22,"64,500"
서울특별시 마포구 도화동,357,도화동현대,54.72,"58,000"
서울특별시 마포구 도화동,547,도화현대,59.4,"56,000"
서울특별시 마포구 도화동,547,도화현대,59.4,"56,000"
서울특별시 마포구 도화동,547,도화현대,84.42,"70,000"
서울특별시 마포구 도화동,547,도화현대,113.87,"71,500"
서울특별시 마포구 도화동,564,마포동원베네스트,58.65,"62,000"
서울특별시 마포구 도화동,564,마포동원베네스트,58.65,"59,000"
서울특별시 마포구 도화동,564,마포동원베네스트,83.33,"75,000"
서울특별시 마포구 도화동,564,마포동원베네스트,58.65,"60,900"
서울특별시 마포구 도화동,563,마포아크로타워,116.52,"70,000"
서울특별시 마포구 도화동,563,마포아크로타워,84.99,"71,000"
서울특별시 마포구 도화동,563,마포아크로타워,84.99,"73,500"
서울특별시 마포구 도화동,563,마포아크로타워,116.52,"86,000"
서울특별시 마포구 도화동,563,마포아크로타워,116.52,"89,500"
서울특별시 마포구 도화동,559,마포트라팰리스,84.02,"66,500"
서울특별시 마포구 도화동,550,삼성,72.185,"71,000"
서울특별시 마포구 도화동,550,삼성,136.1,"104,900"
서울특별시 마포구 도화동,550,삼성,72.185,"73,500"
서울특별시 마포구 도화동,550,삼성,84.985,"80,500"
서울특별시 마포구 도화동,550,삼성,84.985,"80,000"
서울특별시 마포구 도화동,550,삼성,72.185,"71,500"
서울특별시 마포구 도화동,550,삼성,72.185,"77,000"
서울특별시 마포구 도화동,550,삼성,84.985,"84,000"
서울특별시 마포구 도화동,550,삼성,84.985,"89,900"
서울특별시 마포구 도화동,550,삼성,136.1,"112,000"
서울특별시 마포구 도화동,550,삼성,72.185,"79,950"
서울특별시 마포구 도화동,550,삼성,72.185,"77,000"
서울특별시 마포구 도화동,550,삼성,136.1,"105,000"
서울특별시 마포구 도화동,550,삼성,72.185,"83,500"
서울특별시 마포구 도화동,538,성지,84.24,"48,700"
서울특별시 마포구 도화동,82,우성,79.97,"57,000"
서울특별시 마포구 도화동,82,우성,68.94,"49,000"
서울특별시 마포구 도화동,82,우성,68.94,"49,300"
서울특별시 마포구 도화동,82,우성,79.97,"59,900"
서울특별시 마포구 도화동,82,우성,79.97,"63,000"
서울특별시 마포구 도화동,82,우성,141.515,"77,000"
서울특별시 마포구 도화동,82,우성,141.515,"85,000"
서울특별시 마포구 도화동,82,우성,111.725,"74,500"
서울특별시 마포구 도화동,82,우성,79.97,"67,500"
서울특별시 마포구 도화동,82,우성,141.515,"84,000"
서울특별시 마포구 도화동,82,우성,79.97,"64,000"
서울특별시 마포구 도화동,82,우성,68.94,"60,000"
서울특별시 마포구 도화동,82,우성,141.515,"82,000"
서울특별시 마포구 도화동,82,우성,68.94,"59,500"
서울특별시 마포구 도화동,82,우성,79.97,"66,800"
서울특별시 마포구 도화동,82,우성,79.97,"71,700"
서울특별시 마포구 도화동,82,우성,128.315,"85,000"
서울특별시 마포구 도화동,82,우성,68.94,"59,700"
서울특별시 마포구 도화동,82,우성,141.515,"91,000"
서울특별시 마포구 도화동,82,우성,68.94,"59,700"
서울특별시 마포구 도화동,82,우성,79.97,"67,500"
서울특별시 마포구 도화동,82,우성,79.97,"71,000"
서울특별시 마포구 도화동,82,우성,111.725,"74,500"
서울특별시 마포구 도화동,82,우성,79.97,"72,000"
서울특별시 마포구 도화동,82,우성,128.315,"90,000"
서울특별시 마포구 도화동,82,우성,79.97,"71,000"
서울특별시 마포구 도화동,82,우성,128.315,"88,000"
서울특별시 마포구 도화동,536,정우상가맨션,142.64,"65,000"
서울특별시 마포구 도화동,536,정우상가맨션,76.72,"35,500"
서울특별시 마포구 도화동,536,정우상가맨션,64.62,"32,000"
서울특별시 마포구 도화동,555,한화오벨리스크,79.9,"63,000"
서울특별시 마포구 도화동,555,한화오벨리스크,59,"55,000"
서울특별시 마포구 도화동,555,한화오벨리스크,82.14,"57,500"
서울특별시 마포구 도화동,555,한화오벨리스크,41.32,"36,000"
서울특별시 마포구 도화동,555,한화오벨리스크,38.08,"36,000"
서울특별시 마포구 도화동,555,한화오벨리스크,38.08,"37,400"
서울특별시 마포구 도화동,555,한화오벨리스크,75.7,"58,000"
서울특별시 마포구 도화동,555,한화오벨리스크,59,"56,900"
서울특별시 마포구 도화동,555,한화오벨리스크,75.7,"58,500"
서울특별시 마포구 도화동,555,한화오벨리스크,79.9,"58,000"
서울특별시 마포구 도화동,555,한화오벨리스크,39.91,"35,000"
서울특별시 마포구 도화동,555,한화오벨리스크,75.72,"58,000"
서울특별시 마포구 도화동,555,한화오벨리스크,41.32,"37,000"
서울특별시 마포구 도화동,555,한화오벨리스크,38.08,"37,850"
서울특별시 마포구 도화동,555,한화오벨리스크,59,"55,000"
서울특별시 마포구 도화동,555,한화오벨리스크,38.88,"37,300"
서울특별시 마포구 도화동,555,한화오벨리스크,38.88,"36,700"
서울특별시 마포구 도화동,555,한화오벨리스크,59,"50,000"
서울특별시 마포구 도화동,555,한화오벨리스크,38.88,"37,000"
서울특별시 마포구 도화동,555,한화오벨리스크,38.88,"38,000"
서울특별시 마포구 도화동,555,한화오벨리스크,75.7,"59,000"
서울특별시 마포구 도화동,555,한화오벨리스크,75.72,"58,800"
서울특별시 마포구 도화동,555,한화오벨리스크,38.08,"38,000"
서울특별시 마포구 도화동,555,한화오벨리스크,59,"58,000"
서울특별시 마포구 도화동,555,한화오벨리스크,59,"57,500"
서울특별시 마포구 도화동,353,현대,84.95,"62,000"
서울특별시 마포구 도화동,353,현대,84.95,"61,800"
서울특별시 마포구 도화동,353,현대,113.25,"59,700"
서울특별시 마포구 도화동,353,현대,113.25,"66,800"
서울특별시 마포구 도화동,353,현대,84.95,"59,000"
서울특별시 마포구 도화동,353,현대,84.95,"62,000"
서울특별시 마포구 도화동,353,현대,113.25,"68,000"
서울특별시 마포구 도화동,353,현대,113.25,"66,800"
서울특별시 마포구 도화동,353,현대,113.25,"67,000"
서울특별시 마포구 도화동,353,현대,84.95,"65,000"
서울특별시 마포구 도화동,353,현대,84.95,"63,000"
서울특별시 마포구 도화동,353,현대,113.25,"70,000"
서울특별시 마포구 도화동,353,현대,84.95,"72,000"
서울특별시 마포구 도화동,353,현대,84.95,"64,800"
서울특별시 마포구 도화동,353,현대,84.95,"64,000"
서울특별시 마포구 도화동,353,현대,113.25,"75,000"
서울특별시 마포구 도화동,353,현대,113.25,"79,000"
서울특별시 마포구 동교동,200-38,광남벨라스 1동,127.8,"76,500"
서울특별시 마포구 마포동,350,강변한신코아,83.16,"43,000"
서울특별시 마포구 마포동,350,강변한신코아,77.22,"42,500"
서울특별시 마포구 마포동,350,강변한신코아,83.16,"56,300"
서울특별시 마포구 마포동,350,강변한신코아,77.22,"39,300"
서울특별시 마포구 마포동,442,보성,59.4,"44,000"
서울특별시 마포구 마포동,442,보성,114.78,"60,000"
서울특별시 마포구 마포동,442,보성,59.4,"45,500"
서울특별시 마포구 마포동,442,보성,59.4,"48,900"
서울특별시 마포구 마포동,449,비체힐리버뷰,18.3646,"14,000"
서울특별시 마포구 마포동,449,비체힐리버뷰,16.5186,"12,900"
서울특별시 마포구 마포동,449,비체힐리버뷰,16.6071,"12,700"
서울특별시 마포구 마포동,253,쌍용,59.9,"54,000"
서울특별시 마포구 마포동,253,쌍용,84.9,"66,500"
서울특별시 마포구 마포동,253,쌍용,84.9,"68,500"
서울특별시 마포구 마포동,253,쌍용,84.9,"70,500"
서울특별시 마포구 마포동,253,쌍용,84.9,"66,500"
서울특별시 마포구 마포동,253,쌍용,59.9,"58,800"
서울특별시 마포구 마포동,253,쌍용,114.84,"80,000"
서울특별시 마포구 마포동,253,쌍용,59.9,"60,000"
서울특별시 마포구 마포동,253,쌍용,59.9,"63,500"
서울특별시 마포구 망원동,490,강변타운,84.98,"44,500"
서울특별시 마포구 망원동,471-3,노아아크빌,106.2,"50,000"
서울특별시 마포구 망원동,496,대림1,84.96,"62,000"
서울특별시 마포구 망원동,496,대림1,59.73,"55,500"
서울특별시 마포구 망원동,497,대림2,84.73,"64,000"
서울특별시 마포구 망원동,497,대림2,84.73,"68,000"
서울특별시 마포구 망원동,497,대림2,59.99,"55,000"
서울특별시 마포구 망원동,497,대림2,84.79,"68,000"
서울특별시 마포구 망원동,497,대림2,84.73,"66,000"
서울특별시 마포구 망원동,497,대림2,59.99,"53,500"
서울특별시 마포구 망원동,491,대상3,84.9,"51,700"
서울특별시 마포구 망원동,491,대상3,59.61,"42,800"
서울특별시 마포구 망원동,429-3,대성2,82.66,"51,000"
서울특별시 마포구 망원동,463-2,동보프리미아,63.02,"37,100"
서울특별시 마포구 망원동,510,두영이지안,84.13,"55,500"
서울특별시 마포구 망원동,510,두영이지안,84.13,"52,000"
서울특별시 마포구 망원동,510,두영이지안,71.77,"54,500"
서울특별시 마포구 망원동,510,두영이지안,70.84,"54,900"
서울특별시 마포구 망원동,516,망원동동원데쟈뷰,84.85,"59,500"
서울특별시 마포구 망원동,470-1,몬드리안,83.46,"54,500"
서울특별시 마포구 망원동,470-1,몬드리안,84.31,"54,500"
서울특별시 마포구 망원동,478-27,미원1,58.98,"39,000"
서울특별시 마포구 망원동,433-9,미원2,55.29,"37,500"
서울특별시 마포구 망원동,433-9,미원2,59.79,"38,000"
서울특별시 마포구 망원동,384-7,삼우월드,84.68,"48,000"
서울특별시 마포구 망원동,513,상암마젤란21,82.39,"58,750"
서울특별시 마포구 망원동,513,상암마젤란21,55.85,"49,300"
서울특별시 마포구 망원동,433-3,성신,47.58,"25,000"
서울특별시 마포구 망원동,489,성원2,59.43,"42,500"
서울특별시 마포구 망원동,489,성원2,59.43,"44,400"
서울특별시 마포구 망원동,518,신부 파스카 5차,37.21,"27,400"
서울특별시 마포구 망원동,518,신부 파스카 5차,37.21,"27,800"
서울특별시 마포구 망원동,518,신부 파스카 5차,37.17,"28,700"
서울특별시 마포구 망원동,517,영화블렌하임,107.33,"67,500"
서울특별시 마포구 망원동,517,영화블렌하임,103.86,"69,500"
서울특별시 마포구 망원동,517,영화블렌하임,103.86,"67,500"
서울특별시 마포구 망원동,498,우림루미아트,59.9488,"51,500"
서울특별시 마포구 망원동,498,우림루미아트,59.9488,"53,000"
서울특별시 마포구 망원동,498,우림루미아트,84.9463,"62,000"
서울특별시 마포구 망원동,419-3,참존1차(419-3),62.78,"40,000"
서울특별시 마포구 망원동,418-5,크라운빌,92.81,"56,400"
서울특별시 마포구 망원동,418-5,크라운빌,99.86,"52,500"
서울특별시 마포구 망원동,506,탑건진선미,84.95,"56,900"
서울특별시 마포구 망원동,506,탑건진선미,84.95,"58,000"
서울특별시 마포구 망원동,501,태청,69.29,"50,000"
서울특별시 마포구 망원동,499,한강2차대주피오레,99.16,"59,500"
서울특별시 마포구 망원동,499,한강2차대주피오레,99.16,"69,750"
서울특별시 마포구 망원동,505,함성드림빌,69.13,"46,500"
서울특별시 마포구 망원동,505,함성드림빌,82.85,"52,000"
서울특별시 마포구 망원동,493,함성백합,38.69,"29,300"
서울특별시 마포구 망원동,502,함성월드빌,84.7,"56,000"
서울특별시 마포구 망원동,502,함성월드빌,59.9,"30,800"
서울특별시 마포구 망원동,502,함성월드빌,76.14,"40,000"
서울특별시 마포구 망원동,511,함성월드빌2차,84.61,"51,800"
서울특별시 마포구 망원동,511,함성월드빌2차,84.61,"60,000"
서울특별시 마포구 망원동,514,함성월드빌3차301동,49.11,"35,500"
서울특별시 마포구 망원동,460-15,현대리버빌,117.61,"59,500"
서울특별시 마포구 망원동,503,현진에버빌2,83.654,"54,700"
서울특별시 마포구 망원동,509,휴먼빌,84.963,"65,000"
서울특별시 마포구 망원동,509,휴먼빌,59.943,"53,500"
서울특별시 마포구 망원동,509,휴먼빌,59.955,"54,000"
서울특별시 마포구 망원동,509,휴먼빌,59.955,"53,000"
서울특별시 마포구 상수동,396,두산위브,84.79,"78,000"
서울특별시 마포구 상수동,396,두산위브,114.533,"87,000"
서울특별시 마포구 상수동,396,두산위브,84.79,"78,000"
서울특별시 마포구 상수동,396,두산위브,84.79,"80,000"
서울특별시 마포구 상수동,396,두산위브,114.533,"90,000"
서울특별시 마포구 상수동,402,래미안밤섬리베뉴 Ⅰ,84.99,"101,000"
서울특별시 마포구 상수동,402,래미안밤섬리베뉴 Ⅰ,84.99,"102,000"
서울특별시 마포구 상수동,402,래미안밤섬리베뉴 Ⅰ,84.99,"105,000"
서울특별시 마포구 상수동,402,래미안밤섬리베뉴 Ⅰ,84.99,"103,500"
서울특별시 마포구 상수동,398,래미안밤섬리베뉴 Ⅱ,84.82,"99,000"
서울특별시 마포구 상수동,398,래미안밤섬리베뉴 Ⅱ,84.82,"94,500"
서울특별시 마포구 상수동,398,래미안밤섬리베뉴 Ⅱ,84.92,"99,500"
서울특별시 마포구 상수동,398,래미안밤섬리베뉴 Ⅱ,84.82,"101,000"
서울특별시 마포구 상수동,398,래미안밤섬리베뉴 Ⅱ,84.82,"94,400"
서울특별시 마포구 상수동,398,래미안밤섬리베뉴 Ⅱ,84.82,"102,000"
서울특별시 마포구 상수동,398,래미안밤섬리베뉴 Ⅱ,84.82,"103,500"
서울특별시 마포구 상수동,398,래미안밤섬리베뉴 Ⅱ,84.82,"110,000"
서울특별시 마포구 상수동,398,래미안밤섬리베뉴 Ⅱ,84.82,"107,500"
서울특별시 마포구 상수동,395,밤섬리버베르빌,174.319,"145,000"
서울특별시 마포구 상수동,353-4,밤섬리오팰리스,232.36,"109,000"
서울특별시 마포구 상수동,353-4,밤섬리오팰리스,206.04,"100,000"
서울특별시 마포구 상수동,394,신구강변연가,187.426,"155,000"
서울특별시 마포구 상암동,1736,상암월드컵파크10단지,84.89,"67,000"
서울특별시 마포구 상암동,1736,상암월드컵파크10단지,84.66,"65,000"
서울특별시 마포구 상암동,1736,상암월드컵파크10단지,84.89,"66,500"
서울특별시 마포구 상암동,1736,상암월드컵파크10단지,84.66,"67,500"
서울특별시 마포구 상암동,1741,상암월드컵파크11단지,84.66,"62,700"
서울특별시 마포구 상암동,1741,상암월드컵파크11단지,84.89,"64,500"
서울특별시 마포구 상암동,1741,상암월드컵파크11단지,84.89,"68,000"
서울특별시 마포구 상암동,1743,상암월드컵파크12단지,84.89,"62,000"
서울특별시 마포구 상암동,1743,상암월드컵파크12단지,84.89,"69,000"
서울특별시 마포구 상암동,1743,상암월드컵파크12단지,59.73,"53,600"
서울특별시 마포구 상암동,1743,상암월드컵파크12단지,59.73,"58,000"
서울특별시 마포구 상암동,1743,상암월드컵파크12단지,114.53,"85,000"
서울특별시 마포구 상암동,1743,상암월드컵파크12단지,59.73,"58,900"
서울특별시 마포구 상암동,1637,상암월드컵파크2단지,59.92,"58,500"
서울특별시 마포구 상암동,1637,상암월드컵파크2단지,59.92,"58,950"
서울특별시 마포구 상암동,1637,상암월드컵파크2단지,59.92,"58,000"
서울특별시 마포구 상암동,1637,상암월드컵파크2단지,59.92,"55,000"
서울특별시 마포구 상암동,1637,상암월드컵파크2단지,49.9,"51,900"
서울특별시 마포구 상암동,1637,상암월드컵파크2단지,59.92,"58,900"
서울특별시 마포구 상암동,1637,상암월드컵파크2단지,59.92,"58,800"
서울특별시 마포구 상암동,1637,상암월드컵파크2단지,59.92,"60,000"
서울특별시 마포구 상암동,1637,상암월드컵파크2단지,59.92,"60,000"
서울특별시 마포구 상암동,1637,상암월드컵파크2단지,59.92,"62,500"
서울특별시 마포구 상암동,1637,상암월드컵파크2단지,59.92,"60,000"
서울특별시 마포구 상암동,1637,상암월드컵파크2단지,59.84,"62,800"
서울특별시 마포구 상암동,1637,상암월드컵파크2단지,59.92,"54,600"
서울특별시 마포구 상암동,1637,상암월드컵파크2단지,59.92,"60,000"
서울특별시 마포구 상암동,1637,상암월드컵파크2단지,59.92,"63,000"
서울특별시 마포구 상암동,1637,상암월드컵파크2단지,59.92,"60,000"
서울특별시 마포구 상암동,1637,상암월드컵파크2단지,59.92,"64,500"
서울특별시 마포구 상암동,1637,상암월드컵파크2단지,49.8,"53,300"
서울특별시 마포구 상암동,1643,상암월드컵파크3단지,84.84,"67,000"
서울특별시 마포구 상암동,1643,상암월드컵파크3단지,84.84,"68,000"
서울특별시 마포구 상암동,1643,상암월드컵파크3단지,84.84,"68,000"
서울특별시 마포구 상암동,1643,상암월드컵파크3단지,84.94,"68,500"
서울특별시 마포구 상암동,1643,상암월드컵파크3단지,84.94,"69,800"
서울특별시 마포구 상암동,1643,상암월드컵파크3단지,84.94,"69,500"
서울특별시 마포구 상암동,1643,상암월드컵파크3단지,84.84,"67,000"
서울특별시 마포구 상암동,1643,상암월드컵파크3단지,84.94,"66,000"
서울특별시 마포구 상암동,1643,상암월드컵파크3단지,84.94,"70,000"
서울특별시 마포구 상암동,1643,상암월드컵파크3단지,84.94,"68,000"
서울특별시 마포구 상암동,1643,상암월드컵파크3단지,84.84,"71,000"
서울특별시 마포구 상암동,1643,상암월드컵파크3단지,84.84,"69,700"
서울특별시 마포구 상암동,1643,상암월드컵파크3단지,84.84,"66,000"
서울특별시 마포구 상암동,1643,상암월드컵파크3단지,84.84,"65,500"
서울특별시 마포구 상암동,1643,상암월드컵파크3단지,84.84,"74,800"
서울특별시 마포구 상암동,1643,상암월드컵파크3단지,84.84,"72,250"
서울특별시 마포구 상암동,1643,상암월드컵파크3단지,84.84,"78,000"
서울특별시 마포구 상암동,1643,상암월드컵파크3단지,84.94,"79,800"
서울특별시 마포구 상암동,1643,상암월드컵파크3단지,84.84,"69,800"
서울특별시 마포구 상암동,1643,상암월드컵파크3단지,84.94,"74,800"
서울특별시 마포구 상암동,1643,상암월드컵파크3단지,84.84,"66,900"
서울특별시 마포구 상암동,1643,상암월드컵파크3단지,84.94,"73,000"
서울특별시 마포구 상암동,1643,상암월드컵파크3단지,84.84,"68,000"
서울특별시 마포구 상암동,1643,상암월드컵파크3단지,84.84,"75,000"
서울특별시 마포구 상암동,1643,상암월드컵파크3단지,84.94,"81,000"
서울특별시 마포구 상암동,1655,상암월드컵파크4단지,84.7,"77,700"
서울특별시 마포구 상암동,1655,상암월드컵파크4단지,84.7,"67,700"
서울특별시 마포구 상암동,1655,상암월드컵파크4단지,84.89,"78,000"
서울특별시 마포구 상암동,1655,상암월드컵파크4단지,84.66,"78,000"
서울특별시 마포구 상암동,1655,상암월드컵파크4단지,84.89,"78,000"
서울특별시 마포구 상암동,1655,상암월드컵파크4단지,104.78,"90,000"
서울특별시 마포구 상암동,1655,상암월드컵파크4단지,104.78,"90,000"
서울특별시 마포구 상암동,1655,상암월드컵파크4단지,84.7,"80,000"
서울특별시 마포구 상암동,1655,상암월드컵파크4단지,84.66,"77,000"
서울특별시 마포구 상암동,1655,상암월드컵파크4단지,84.89,"81,000"
서울특별시 마포구 상암동,1655,상암월드컵파크4단지,84.76,"80,750"
서울특별시 마포구 상암동,1655,상암월드컵파크4단지,84.66,"84,000"
서울특별시 마포구 상암동,1655,상암월드컵파크4단지,84.89,"83,000"
서울특별시 마포구 상암동,1655,상암월드컵파크4단지,104.78,"100,000"
서울특별시 마포구 상암동,1655,상암월드컵파크4단지,84.89,"85,000"
서울특별시 마포구 상암동,1655,상암월드컵파크4단지,84.76,"83,000"
서울특별시 마포구 상암동,1655,상암월드컵파크4단지,84.7,"86,000"
서울특별시 마포구 상암동,1655,상암월드컵파크4단지,104.78,"95,000"
서울특별시 마포구 상암동,1655,상암월드컵파크4단지,84.66,"84,000"
서울특별시 마포구 상암동,1655,상암월드컵파크4단지,104.78,"98,000"
서울특별시 마포구 상암동,1655,상암월드컵파크4단지,84.76,"80,000"
서울특별시 마포구 상암동,1655,상암월드컵파크4단지,84.89,"83,700"
서울특별시 마포구 상암동,1658,상암월드컵파크5단지,104.69,"82,500"
서울특별시 마포구 상암동,1658,상암월드컵파크5단지,104.69,"84,000"
서울특별시 마포구 상암동,1658,상암월드컵파크5단지,84.67,"80,000"
서울특별시 마포구 상암동,1658,상암월드컵파크5단지,84.73,"79,000"
서울특별시 마포구 상암동,1658,상암월드컵파크5단지,104.69,"89,000"
서울특별시 마포구 상암동,1658,상암월드컵파크5단지,104.69,"89,500"
서울특별시 마포구 상암동,1658,상암월드컵파크5단지,84.73,"81,000"
서울특별시 마포구 상암동,1658,상암월드컵파크5단지,104.69,"89,200"
서울특별시 마포구 상암동,1658,상암월드컵파크5단지,104.69,"87,100"
서울특별시 마포구 상암동,1689,상암월드컵파크6단지,84.53,"73,000"
서울특별시 마포구 상암동,1689,상암월드컵파크6단지,104.32,"81,000"
서울특별시 마포구 상암동,1689,상암월드컵파크6단지,104.32,"76,000"
서울특별시 마포구 상암동,1689,상암월드컵파크6단지,104.32,"83,000"
서울특별시 마포구 상암동,1689,상암월드컵파크6단지,84.53,"77,700"
서울특별시 마포구 상암동,1689,상암월드컵파크6단지,104.32,"86,750"
서울특별시 마포구 상암동,1689,상암월드컵파크6단지,104.32,"87,000"
서울특별시 마포구 상암동,1689,상암월드컵파크6단지,104.32,"89,900"
서울특별시 마포구 상암동,1689,상암월드컵파크6단지,104.32,"94,700"
서울특별시 마포구 상암동,1689,상암월드컵파크6단지,84.53,"81,000"
서울특별시 마포구 상암동,1689,상암월드컵파크6단지,104.32,"80,000"
서울특별시 마포구 상암동,1689,상암월드컵파크6단지,104.32,"92,500"
서울특별시 마포구 상암동,1689,상암월드컵파크6단지,84.53,"83,000"
서울특별시 마포구 상암동,1689,상암월드컵파크6단지,104.32,"99,000"
서울특별시 마포구 상암동,1689,상암월드컵파크6단지,104.32,"87,000"
서울특별시 마포구 상암동,1689,상암월드컵파크6단지,104.32,"93,000"
서울특별시 마포구 상암동,1660,상암월드컵파크7단지,84.9,"69,800"
서울특별시 마포구 상암동,1660,상암월드컵파크7단지,84.9,"67,000"
서울특별시 마포구 상암동,1660,상암월드컵파크7단지,84.9,"71,000"
서울특별시 마포구 상암동,1660,상암월드컵파크7단지,84.9,"69,500"
서울특별시 마포구 상암동,1660,상암월드컵파크7단지,84.9,"70,000"
서울특별시 마포구 상암동,1660,상암월드컵파크7단지,84.67,"71,500"
서울특별시 마포구 상암동,1660,상암월드컵파크7단지,84.9,"69,000"
서울특별시 마포구 상암동,1660,상암월드컵파크7단지,84.45,"72,000"
서울특별시 마포구 상암동,1660,상암월드컵파크7단지,84.45,"74,500"
서울특별시 마포구 상암동,1660,상암월드컵파크7단지,84.9,"75,000"
서울특별시 마포구 상암동,1660,상암월드컵파크7단지,84.9,"74,700"
서울특별시 마포구 상암동,1660,상암월드컵파크7단지,104.77,"76,000"
서울특별시 마포구 상암동,1660,상암월드컵파크7단지,84.9,"75,500"
서울특별시 마포구 상암동,1660,상암월드컵파크7단지,84.74,"80,000"
서울특별시 마포구 상암동,1660,상암월드컵파크7단지,84.9,"76,000"
서울특별시 마포구 상암동,1660,상암월드컵파크7단지,84.9,"80,000"
서울특별시 마포구 상암동,1660,상암월드컵파크7단지,84.9,"79,000"
서울특별시 마포구 상암동,1752,상암월드컵파크9단지,84.89,"63,700"
서울특별시 마포구 상암동,1752,상암월드컵파크9단지,84.98,"64,000"
서울특별시 마포구 상암동,1752,상암월드컵파크9단지,84.89,"65,000"
서울특별시 마포구 상암동,1752,상암월드컵파크9단지,84.94,"65,500"
서울특별시 마포구 상암동,1752,상암월드컵파크9단지,84.98,"61,800"
서울특별시 마포구 상암동,1752,상암월드컵파크9단지,84.89,"67,000"
서울특별시 마포구 상암동,1752,상암월드컵파크9단지,84.89,"67,000"
서울특별시 마포구 상암동,1752,상암월드컵파크9단지,84.89,"69,500"
서울특별시 마포구 상암동,1630,휴먼시아1단지,84.91,"70,000"
서울특별시 마포구 상암동,1630,휴먼시아1단지,84.91,"75,000"
서울특별시 마포구 상암동,1630,휴먼시아1단지,84.91,"72,000"
서울특별시 마포구 상암동,1630,휴먼시아1단지,84.91,"73,500"
서울특별시 마포구 상암동,1630,휴먼시아1단지,84.91,"72,800"
서울특별시 마포구 상암동,1630,휴먼시아1단지,113.91,"89,900"
서울특별시 마포구 상암동,1618,휴먼시아2단지,51.98,"53,000"
서울특별시 마포구 상암동,1618,휴먼시아2단지,59.9,"64,500"
서울특별시 마포구 상암동,1618,휴먼시아2단지,51.98,"57,500"
서울특별시 마포구 서교동,465-1,광남벨라스(1차),129.05,"69,000"
서울특별시 마포구 서교동,465-1,광남벨라스(1차),84.46,"54,500"
서울특별시 마포구 서교동,247-28,기정MAY(247-28),84.77,"49,700"
서울특별시 마포구 서교동,329-2,대아,54.62,"39,800"
서울특별시 마포구 서교동,329-2,대아,101.49,"57,000"
서울특별시 마포구 서교동,487,대우미래사랑,32.39,"25,000"
서울특별시 마포구 서교동,487,대우미래사랑,57.36,"40,900"
서울특별시 마포구 서교동,487,대우미래사랑,68.03,"44,700"
서울특별시 마포구 서교동,487,대우미래사랑,57.36,"42,000"
서울특별시 마포구 서교동,487,대우미래사랑,34.29,"25,400"
서울특별시 마포구 서교동,487,대우미래사랑,34.29,"25,500"
서울특별시 마포구 서교동,487,대우미래사랑,57.36,"42,000"
서울특별시 마포구 서교동,487,대우미래사랑,68.03,"44,500"
서울특별시 마포구 서교동,487,대우미래사랑,68.03,"45,000"
서울특별시 마포구 서교동,487,대우미래사랑,45.21,"35,700"
서울특별시 마포구 서교동,487,대우미래사랑,34.29,"26,700"
서울특별시 마포구 서교동,487,대우미래사랑,68.03,"46,000"
서울특별시 마포구 서교동,490,메세나폴리스,122.867,"138,000"
서울특별시 마포구 서교동,490,메세나폴리스,148.981,"178,000"
서울특별시 마포구 서교동,490,메세나폴리스,122.867,"129,000"
서울특별시 마포구 서교동,490,메세나폴리스,148.981,"205,000"
서울특별시 마포구 서교동,490,메세나폴리스,122.867,"127,000"
서울특별시 마포구 서교동,490,메세나폴리스,122.867,"133,000"
서울특별시 마포구 서교동,490,메세나폴리스,122.867,"129,500"
서울특별시 마포구 서교동,490,메세나폴리스,122.867,"132,000"
서울특별시 마포구 서교동,490,메세나폴리스,122.867,"150,500"
서울특별시 마포구 서교동,490,메세나폴리스,148.981,"171,000"
서울특별시 마포구 서교동,488,삼익플라주서교1,82.72,"57,000"
서울특별시 마포구 서교동,488,삼익플라주서교1,84.52,"45,000"
서울특별시 마포구 서교동,486,서교푸르지오,92.448,"67,500"
서울특별시 마포구 서교동,486,서교푸르지오,92.448,"70,500"
서울특별시 마포구 서교동,486,서교푸르지오,92.448,"71,500"
서울특별시 마포구 서교동,486,서교푸르지오,92.448,"72,000"
서울특별시 마포구 서교동,486,서교푸르지오,92.448,"75,000"
서울특별시 마포구 서교동,453-14,엘림,81.35,"45,000"
서울특별시 마포구 서교동,247-72,함성참좋은,95.54,"50,500"
서울특별시 마포구 서교동,247-72,함성참좋은,95.54,"52,700"
서울특별시 마포구 성산동,13-21,(13-21),66.51,"38,000"
서울특별시 마포구 성산동,13-21,(13-21),66.51,"38,000"
서울특별시 마포구 성산동,650,(650-0),137.27,"55,000"
서울특별시 마포구 성산동,650,(650-0),84.98,"50,000"
서울특별시 마포구 성산동,210-10,골든빌(210-10),130.66,"64,500"
서울특별시 마포구 성산동,596,대원,70.04,"42,000"
서울특별시 마포구 성산동,596,대원,84.88,"44,650"
서울특별시 마포구 성산동,596,대원,84.88,"49,500"
서울특별시 마포구 성산동,596,대원,59.69,"35,700"
서울특별시 마포구 성산동,596,대원,84.88,"51,000"
서울특별시 마포구 성산동,240-5,보영퍼팩트,114.4,"49,500"
서울특별시 마포구 성산동,604,성산2차e-편한세상,59.76,"47,500"
서울특별시 마포구 성산동,604,성산2차e-편한세상,59.76,"47,500"
서울특별시 마포구 성산동,604,성산2차e-편한세상,84.95,"50,200"
서울특별시 마포구 성산동,604,성산2차e-편한세상,59.78,"52,700"
서울특별시 마포구 성산동,597,성산동성,84.97,"53,000"
서울특별시 마포구 성산동,597,성산동성,60,"44,500"
서울특별시 마포구 성산동,446,성산시영(대우),50.03,"51,000"
서울특별시 마포구 성산동,446,성산시영(대우),50.03,"52,400"
서울특별시 마포구 성산동,446,성산시영(대우),50.03,"51,000"
서울특별시 마포구 성산동,446,성산시영(대우),50.03,"52,500"
서울특별시 마포구 성산동,446,성산시영(대우),50.03,"51,500"
서울특별시 마포구 성산동,446,성산시영(대우),50.03,"52,500"
서울특별시 마포구 성산동,446,성산시영(대우),50.03,"54,500"
서울특별시 마포구 성산동,446,성산시영(대우),50.03,"53,000"
서울특별시 마포구 성산동,446,성산시영(대우),50.03,"52,500"
서울특별시 마포구 성산동,446,성산시영(대우),50.03,"53,500"
서울특별시 마포구 성산동,446,성산시영(대우),50.03,"54,000"
서울특별시 마포구 성산동,446,성산시영(대우),50.03,"53,700"
서울특별시 마포구 성산동,446,성산시영(대우),50.03,"53,500"
서울특별시 마포구 성산동,446,성산시영(대우),50.03,"53,500"
서울특별시 마포구 성산동,446,성산시영(대우),50.03,"54,500"
서울특별시 마포구 성산동,446,성산시영(대우),50.03,"55,000"
서울특별시 마포구 성산동,446,성산시영(대우),50.03,"50,000"
서울특별시 마포구 성산동,446,성산시영(대우),50.03,"55,500"
서울특별시 마포구 성산동,446,성산시영(대우),50.03,"55,200"
서울특별시 마포구 성산동,446,성산시영(대우),50.03,"55,300"
서울특별시 마포구 성산동,446,성산시영(대우),50.03,"54,800"
서울특별시 마포구 성산동,446,성산시영(대우),50.03,"54,200"
서울특별시 마포구 성산동,446,성산시영(대우),50.03,"51,800"
서울특별시 마포구 성산동,446,성산시영(선경),50.54,"52,000"
서울특별시 마포구 성산동,446,성산시영(선경),50.54,"53,000"
서울특별시 마포구 성산동,446,성산시영(선경),50.54,"50,500"
서울특별시 마포구 성산동,446,성산시영(선경),50.54,"53,700"
서울특별시 마포구 성산동,446,성산시영(선경),50.54,"55,000"
서울특별시 마포구 성산동,446,성산시영(선경),50.54,"56,000"
서울특별시 마포구 성산동,446,성산시영(선경),50.54,"56,000"
서울특별시 마포구 성산동,446,성산시영(선경),50.54,"51,000"
서울특별시 마포구 성산동,446,성산시영(선경),50.54,"57,000"
서울특별시 마포구 성산동,446,성산시영(선경),50.54,"57,500"
서울특별시 마포구 성산동,446,성산시영(선경),50.54,"55,800"
서울특별시 마포구 성산동,446,성산시영(선경),50.54,"57,000"
서울특별시 마포구 성산동,446,성산시영(선경),50.54,"56,000"
서울특별시 마포구 성산동,446,성산시영(선경),50.54,"53,900"
서울특별시 마포구 성산동,446,성산시영(유원),59.43,"60,500"
서울특별시 마포구 성산동,446,성산시영(유원),59.43,"59,000"
서울특별시 마포구 성산동,446,성산시영(유원),59.43,"62,500"
서울특별시 마포구 성산동,446,성산시영(유원),59.43,"63,000"
서울특별시 마포구 성산동,446,성산시영(유원),59.43,"61,250"
서울특별시 마포구 성산동,446,성산시영(유원),59.43,"57,000"
서울특별시 마포구 성산동,446,성산시영(유원),59.43,"62,500"
서울특별시 마포구 성산동,446,성산시영(유원),59.43,"62,000"
서울특별시 마포구 성산동,446,성산시영(유원),59.43,"64,000"
서울특별시 마포구 성산동,446,성산시영(유원),59.43,"65,000"
서울특별시 마포구 성산동,446,성산시영(유원),59.43,"66,000"
서울특별시 마포구 성산동,446,성산시영(유원),59.43,"64,500"
서울특별시 마포구 성산동,446,성산시영(유원),59.43,"66,000"
서울특별시 마포구 성산동,446,성산시영(유원),59.43,"66,500"
서울특별시 마포구 성산동,446,성산시영(유원),59.43,"62,500"
서울특별시 마포구 성산동,446,성산시영(유원),59.43,"66,500"
서울특별시 마포구 성산동,446,성산시영(유원),59.43,"68,000"
서울특별시 마포구 성산동,446,성산시영(유원),59.43,"64,000"
서울특별시 마포구 성산동,446,성산시영(유원),59.43,"65,000"
서울특별시 마포구 성산동,446,성산시영(유원),59.43,"60,000"
서울특별시 마포구 성산동,446,성산시영(유원),59.43,"62,000"
서울특별시 마포구 성산동,446,성산시영(유원),59.43,"64,950"
서울특별시 마포구 성산동,601,성산월드타운대림,84.689,"59,000"
서울특별시 마포구 성산동,601,성산월드타운대림,84.689,"51,500"
서울특별시 마포구 성산동,601,성산월드타운대림,84.689,"60,000"
서울특별시 마포구 성산동,601,성산월드타운대림,84.689,"59,700"
서울특별시 마포구 성산동,601,성산월드타운대림,84.549,"59,900"
서울특별시 마포구 성산동,601,성산월드타운대림,117.898,"73,500"
서울특별시 마포구 성산동,601,성산월드타운대림,84.689,"59,800"
서울특별시 마포구 성산동,601,성산월드타운대림,84.549,"60,000"
서울특별시 마포구 성산동,601,성산월드타운대림,84.689,"59,500"
서울특별시 마포구 성산동,601,성산월드타운대림,84.689,"59,900"
서울특별시 마포구 성산동,601,성산월드타운대림,84.689,"58,800"
서울특별시 마포구 성산동,601,성산월드타운대림,84.549,"62,000"
서울특별시 마포구 성산동,601,성산월드타운대림,84.689,"58,000"
서울특별시 마포구 성산동,601,성산월드타운대림,84.549,"64,700"
서울특별시 마포구 성산동,601,성산월드타운대림,59.888,"40,200"
서울특별시 마포구 성산동,601,성산월드타운대림,84.549,"58,000"
서울특별시 마포구 성산동,601,성산월드타운대림,84.689,"62,500"
서울특별시 마포구 성산동,142-9,세원,59.87,"28,000"
서울특별시 마포구 성산동,142-9,세원,59.87,"33,000"
서울특별시 마포구 성산동,666,월드컵아이파크(666-0),94.32,"65,000"
서울특별시 마포구 성산동,667,월드컵아이파크(667-0),59.73,"53,800"
서울특별시 마포구 성산동,667,월드컵아이파크(667-0),59.73,"54,700"
서울특별시 마포구 성산동,667,월드컵아이파크(667-0),84.7,"60,000"
서울특별시 마포구 성산동,667,월드컵아이파크(667-0),84.7,"63,300"
서울특별시 마포구 성산동,667,월드컵아이파크(667-0),84.7,"65,000"
서울특별시 마포구 성산동,667,월드컵아이파크(667-0),84.7,"64,500"
서울특별시 마포구 성산동,667,월드컵아이파크(667-0),117.95,"72,000"
서울특별시 마포구 성산동,667,월드컵아이파크(667-0),59.73,"56,200"
서울특별시 마포구 성산동,667,월드컵아이파크(667-0),117.95,"74,500"
서울특별시 마포구 성산동,667,월드컵아이파크(667-0),84.7,"66,000"
서울특별시 마포구 성산동,600,풍림,114.87,"54,200"
서울특별시 마포구 성산동,600,풍림,59.85,"39,000"
서울특별시 마포구 성산동,600,풍림,114.87,"54,100"
서울특별시 마포구 성산동,254-8,현대하이츠아파트,84.7,"47,000"
서울특별시 마포구 신공덕동,171,kcc웰츠,107.42,"92,000"
서울특별시 마포구 신공덕동,171,kcc웰츠,106.27,"90,000"
서울특별시 마포구 신공덕동,171,kcc웰츠,118.64,"107,000"
서울특별시 마포구 신공덕동,171,kcc웰츠,107.42,"103,000"
서울특별시 마포구 신공덕동,171,kcc웰츠,118.64,"110,000"
서울특별시 마포구 신공덕동,171,kcc웰츠,106.27,"99,500"
서울특별시 마포구 신공덕동,171,kcc웰츠,118.31,"109,000"
서울특별시 마포구 신공덕동,15-80,공덕프로포즈2,14.03,"16,100"
서울특별시 마포구 신공덕동,167,대우메트로디오빌,80.04,"63,000"
서울특별시 마포구 신공덕동,167,대우메트로디오빌,29.11,"30,000"
서울특별시 마포구 신공덕동,167,대우메트로디오빌,29.11,"28,800"
서울특별시 마포구 신공덕동,167,대우메트로디오빌,29.11,"29,900"
서울특별시 마포구 신공덕동,167,대우메트로디오빌,23.63,"27,000"
서울특별시 마포구 신공덕동,167,대우메트로디오빌,34.39,"35,000"
서울특별시 마포구 신공덕동,173,대우월드마크마포,113.24,"97,500"
서울특별시 마포구 신공덕동,173,대우월드마크마포,138.37,"118,000"
서울특별시 마포구 신공덕동,173,대우월드마크마포,113.24,"95,000"
서울특별시 마포구 신공덕동,173,대우월드마크마포,121.27,"103,000"
서울특별시 마포구 신공덕동,173,대우월드마크마포,113.24,"105,300"
서울특별시 마포구 신공덕동,173,대우월드마크마포,121.27,"100,000"
서울특별시 마포구 신공덕동,173,대우월드마크마포,136.18,"116,000"
서울특별시 마포구 신공덕동,173,대우월드마크마포,96.54,"91,800"
서울특별시 마포구 신공덕동,170,브라운스톤공덕,84.98,"94,000"
서울특별시 마포구 신공덕동,170,브라운스톤공덕,114.74,"110,000"
서울특별시 마포구 신공덕동,170,브라운스톤공덕,59.89,"84,900"
서울특별시 마포구 신공덕동,170,브라운스톤공덕,114.74,"113,000"
서울특별시 마포구 신공덕동,170,브라운스톤공덕,59.89,"87,000"
서울특별시 마포구 신공덕동,170,브라운스톤공덕,59.89,"86,500"
서울특별시 마포구 신공덕동,170,브라운스톤공덕,84.98,"111,000"
서울특별시 마포구 신공덕동,170,브라운스톤공덕,84.98,"110,000"
서울특별시 마포구 신공덕동,155,신공덕1차삼성래미안1아파트,84.9,"80,000"
서울특별시 마포구 신공덕동,155,신공덕1차삼성래미안1아파트,84.9,"79,000"
서울특별시 마포구 신공덕동,155,신공덕1차삼성래미안1아파트,114.75,"85,000"
서울특별시 마포구 신공덕동,155,신공덕1차삼성래미안1아파트,59.76,"73,000"
서울특별시 마포구 신공덕동,155,신공덕1차삼성래미안1아파트,59.76,"70,500"
서울특별시 마포구 신공덕동,155,신공덕1차삼성래미안1아파트,114.75,"93,500"
서울특별시 마포구 신공덕동,155,신공덕1차삼성래미안1아파트,84.9,"82,500"
서울특별시 마포구 신공덕동,155,신공덕1차삼성래미안1아파트,114.75,"89,800"
서울특별시 마포구 신공덕동,155,신공덕1차삼성래미안1아파트,114.75,"99,500"
서울특별시 마포구 신공덕동,155,신공덕1차삼성래미안1아파트,84.9,"80,000"
서울특별시 마포구 신공덕동,155,신공덕1차삼성래미안1아파트,114.75,"90,000"
서울특별시 마포구 신공덕동,155,신공덕1차삼성래미안1아파트,84.9,"85,000"
서울특별시 마포구 신공덕동,155,신공덕1차삼성래미안1아파트,59.76,"74,900"
서울특별시 마포구 신공덕동,155,신공덕1차삼성래미안1아파트,59.76,"74,000"
서울특별시 마포구 신공덕동,155,신공덕1차삼성래미안1아파트,114.75,"93,000"
서울특별시 마포구 신공덕동,155,신공덕1차삼성래미안1아파트,114.75,"98,500"
서울특별시 마포구 신공덕동,155,신공덕1차삼성래미안1아파트,59.76,"80,500"
서울특별시 마포구 신공덕동,168,신공덕e편한세상,114.82,"75,500"
서울특별시 마포구 신공덕동,168,신공덕e편한세상,84.68,"75,250"
서울특별시 마포구 신공덕동,168,신공덕e편한세상,114.82,"80,000"
서울특별시 마포구 신공덕동,159,신공덕래미안2차,114.5,"76,000"
서울특별시 마포구 신공덕동,159,신공덕래미안2차,59.48,"54,500"
서울특별시 마포구 신공덕동,159,신공덕래미안2차,84.73,"65,000"
서울특별시 마포구 신공덕동,159,신공덕래미안2차,114.5,"75,000"
서울특별시 마포구 신공덕동,159,신공덕래미안2차,59.48,"57,500"
서울특별시 마포구 신공덕동,159,신공덕래미안2차,59.48,"57,000"
서울특별시 마포구 신공덕동,159,신공덕래미안2차,59.48,"58,000"
서울특별시 마포구 신공덕동,159,신공덕래미안2차,59.48,"60,000"
서울특별시 마포구 신공덕동,159,신공덕래미안2차,59.48,"66,500"
서울특별시 마포구 신공덕동,159,신공덕래미안2차,59.48,"63,500"
서울특별시 마포구 신공덕동,161,신공덕래미안3차,84.69,"69,000"
서울특별시 마포구 신공덕동,161,신공덕래미안3차,84.69,"74,000"
서울특별시 마포구 신공덕동,161,신공덕래미안3차,84.69,"71,000"
서울특별시 마포구 신공덕동,161,신공덕래미안3차,84.69,"77,000"
서울특별시 마포구 신공덕동,161,신공덕래미안3차,114.76,"55,000"
서울특별시 마포구 신공덕동,161,신공덕래미안3차,59.96,"73,000"
서울특별시 마포구 신공덕동,161,신공덕래미안3차,59.96,"74,000"
서울특별시 마포구 신공덕동,161,신공덕래미안3차,114.76,"88,000"
서울특별시 마포구 신공덕동,174,신공덕아이파크,84.96,"90,000"
서울특별시 마포구 신공덕동,174,신공덕아이파크,84.96,"93,800"
서울특별시 마포구 신공덕동,174,신공덕아이파크,84.96,"87,000"
서울특별시 마포구 신공덕동,174,신공덕아이파크,114.97,"107,500"
서울특별시 마포구 신공덕동,174,신공덕아이파크,84.96,"88,000"
서울특별시 마포구 신공덕동,174,신공덕아이파크,84.96,"106,000"
서울특별시 마포구 신공덕동,174,신공덕아이파크,59.98,"82,000"
서울특별시 마포구 신공덕동,174,신공덕아이파크,84.96,"101,000"
서울특별시 마포구 신공덕동,172,펜트라우스,103.04,"89,350"
서울특별시 마포구 신공덕동,172,펜트라우스,84.95,"86,400"
서울특별시 마포구 신공덕동,172,펜트라우스,115.08,"97,000"
서울특별시 마포구 신공덕동,172,펜트라우스,84.95,"90,000"
서울특별시 마포구 신공덕동,172,펜트라우스,84.95,"90,000"
서울특별시 마포구 신공덕동,172,펜트라우스,84.67,"93,000"
서울특별시 마포구 신공덕동,172,펜트라우스,115.04,"97,000"
서울특별시 마포구 신공덕동,172,펜트라우스,152.85,"128,000"
서울특별시 마포구 신공덕동,172,펜트라우스,152.85,"128,000"
서울특별시 마포구 신공덕동,172,펜트라우스,115.78,"109,000"
서울특별시 마포구 신공덕동,172,펜트라우스,104.29,"94,000"
서울특별시 마포구 신공덕동,172,펜트라우스,84.95,"90,000"
서울특별시 마포구 신공덕동,172,펜트라우스,103.04,"100,000"
서울특별시 마포구 신공덕동,172,펜트라우스,84.95,"93,000"
서울특별시 마포구 신공덕동,172,펜트라우스,115.08,"109,000"
서울특별시 마포구 신공덕동,172,펜트라우스,115.04,"102,500"
서울특별시 마포구 신공덕동,172,펜트라우스,104.97,"102,000"
서울특별시 마포구 신공덕동,172,펜트라우스,84.6,"88,800"
서울특별시 마포구 신공덕동,172,펜트라우스,152.85,"130,000"
서울특별시 마포구 신수동,455,경남아너스빌,84.97,"68,000"
서울특별시 마포구 신수동,455,경남아너스빌,84.97,"70,000"
서울특별시 마포구 신수동,455,경남아너스빌,84.97,"60,000"
서울특별시 마포구 신수동,456,경남아너스빌,84.95,"70,700"
서울특별시 마포구 신수동,456,경남아너스빌,84.95,"70,000"
서울특별시 마포구 신수동,456,경남아너스빌,84.95,"68,000"
서울특별시 마포구 신수동,456,경남아너스빌,84.95,"70,500"
서울특별시 마포구 신수동,456,경남아너스빌,84.95,"71,000"
서울특별시 마포구 신수동,456,경남아너스빌,84.95,"71,000"
서울특별시 마포구 신수동,456,경남아너스빌,84.95,"69,000"
서울특별시 마포구 신수동,456,경남아너스빌,84.95,"69,000"
서울특별시 마포구 신수동,456,경남아너스빌,84.95,"70,000"
서울특별시 마포구 신수동,456,경남아너스빌,84.95,"73,200"
서울특별시 마포구 신수동,453,대원칸타빌,117.183,"83,000"
서울특별시 마포구 신수동,453,대원칸타빌,143.656,"79,000"
서울특별시 마포구 신수동,453,대원칸타빌,117.183,"83,500"
서울특별시 마포구 신수동,453,대원칸타빌,117.183,"97,000"
서울특별시 마포구 신수동,453,대원칸타빌,117.183,"85,000"
서울특별시 마포구 신수동,453,대원칸타빌,84.986,"73,000"
서울특별시 마포구 신수동,453,대원칸타빌,84.873,"75,000"
서울특별시 마포구 신수동,453,대원칸타빌,84.96,"77,500"
서울특별시 마포구 신수동,453,대원칸타빌,84.986,"80,000"
서울특별시 마포구 신수동,453,대원칸타빌,84.873,"77,000"
서울특별시 마포구 신수동,459,밤섬경남아너스빌,84.9,"75,000"
서울특별시 마포구 신수동,459,밤섬경남아너스빌,84.83,"77,900"
서울특별시 마포구 신수동,459,밤섬경남아너스빌,84.83,"83,000"
서울특별시 마포구 신수동,459,밤섬경남아너스빌,84.9,"82,000"
서울특별시 마포구 신수동,459,밤섬경남아너스빌,84.83,"81,700"
서울특별시 마포구 신수동,459,밤섬경남아너스빌,84.83,"83,300"
서울특별시 마포구 신수동,459,밤섬경남아너스빌,84.83,"73,000"
서울특별시 마포구 신수동,459,밤섬경남아너스빌,84.83,"84,500"
서울특별시 마포구 신수동,457,벽산솔렌스힐,84.9657,"79,500"
서울특별시 마포구 신수동,451,세양청마루,111.88,"70,000"
서울특별시 마포구 신수동,190,신수동성원,84.96,"58,500"
서울특별시 마포구 신수동,190,신수동성원,84.96,"58,000"
서울특별시 마포구 신수동,190,신수동성원,84.96,"57,600"
서울특별시 마포구 신수동,190,신수동성원,59.76,"50,500"
서울특별시 마포구 신수동,190,신수동성원,84.96,"57,000"
서울특별시 마포구 신수동,190,신수동성원,59.76,"50,000"
서울특별시 마포구 신수동,190,신수동성원,59.76,"46,900"
서울특별시 마포구 신수동,190,신수동성원,84.96,"61,500"
서울특별시 마포구 신수동,190,신수동성원,59.76,"53,000"
서울특별시 마포구 신수동,190,신수동성원,59.76,"55,000"
서울특별시 마포구 신수동,450,신촌삼익,59.85,"55,000"
서울특별시 마포구 신수동,450,신촌삼익,59.85,"55,700"
서울특별시 마포구 신수동,450,신촌삼익,59.85,"53,700"
서울특별시 마포구 신수동,450,신촌삼익,59.85,"51,000"
서울특별시 마포구 신수동,450,신촌삼익,59.85,"52,000"
서울특별시 마포구 신수동,450,신촌삼익,59.97,"56,000"
서울특별시 마포구 신수동,450,신촌삼익,114.5,"75,000"
서울특별시 마포구 신수동,450,신촌삼익,59.85,"57,500"
서울특별시 마포구 신수동,22-35,하나테크노빌,31.83,"24,800"
서울특별시 마포구 신수동,445-5,현대,84.85,"60,000"
서울특별시 마포구 신수동,445-5,현대,84.47,"59,000"
서울특별시 마포구 신수동,445-5,현대,84.47,"61,000"
서울특별시 마포구 신수동,445-5,현대,84.47,"58,500"
서울특별시 마포구 신정동,30,서강GS,59.98,"59,000"
서울특별시 마포구 신정동,30,서강GS,59.98,"57,900"
서울특별시 마포구 신정동,30,서강GS,114.87,"97,000"
서울특별시 마포구 신정동,30,서강GS,84.97,"64,500"
서울특별시 마포구 신정동,30,서강GS,114.87,"85,500"
서울특별시 마포구 신정동,30,서강GS,114.87,"81,500"
서울특별시 마포구 신정동,30,서강GS,59.98,"52,500"
서울특별시 마포구 신정동,30,서강GS,84.4,"80,000"
서울특별시 마포구 신정동,30,서강GS,114.87,"86,000"
서울특별시 마포구 신정동,30,서강GS,114.87,"86,000"
서울특별시 마포구 신정동,30,서강GS,114.87,"84,000"
서울특별시 마포구 신정동,30,서강GS,114.87,"85,000"
서울특별시 마포구 신정동,30,서강GS,114.87,"106,500"
서울특별시 마포구 신정동,30,서강GS,114.87,"90,000"
서울특별시 마포구 아현동,800,공덕자이,84.99,"93,000"
서울특별시 마포구 아현동,800,공덕자이,84.99,"100,000"
서울특별시 마포구 아현동,800,공덕자이,84.99,"99,000"
서울특별시 마포구 아현동,777,마포래미안푸르지오1단지,59.9452,"83,000"
서울특별시 마포구 아현동,777,마포래미안푸르지오1단지,84.5978,"108,000"
서울특별시 마포구 아현동,777,마포래미안푸르지오1단지,59.9236,"77,600"
서울특별시 마포구 아현동,777,마포래미안푸르지오1단지,59.9656,"91,000"
서울특별시 마포구 아현동,777,마포래미안푸르지오1단지,59.9452,"90,000"
서울특별시 마포구 아현동,777,마포래미안푸르지오1단지,59.9796,"90,000"
서울특별시 마포구 아현동,777,마포래미안푸르지오1단지,84.5978,"117,000"
서울특별시 마포구 아현동,777,마포래미안푸르지오1단지,84.5978,"117,000"
서울특별시 마포구 아현동,777,마포래미안푸르지오1단지,84.8919,"129,000"
서울특별시 마포구 아현동,777,마포래미안푸르지오2단지,84.3884,"97,500"
서울특별시 마포구 아현동,777,마포래미안푸르지오2단지,114.588,"127,000"
서울특별시 마포구 아현동,777,마포래미안푸르지오2단지,84.5978,"101,000"
서울특별시 마포구 아현동,777,마포래미안푸르지오2단지,84.3884,"113,000"
서울특별시 마포구 아현동,777,마포래미안푸르지오2단지,114.7267,"125,000"
서울특별시 마포구 아현동,777,마포래미안푸르지오2단지,59.9796,"90,000"
서울특별시 마포구 아현동,777,마포래미안푸르지오2단지,59.9236,"85,000"
서울특별시 마포구 아현동,777,마포래미안푸르지오2단지,59.9656,"85,000"
서울특별시 마포구 아현동,777,마포래미안푸르지오2단지,114.7267,"125,000"
서울특별시 마포구 아현동,777,마포래미안푸르지오2단지,59.9796,"82,500"
서울특별시 마포구 아현동,777,마포래미안푸르지오2단지,114.588,"122,000"
서울특별시 마포구 아현동,777,마포래미안푸르지오2단지,59.9236,"80,000"
서울특별시 마포구 아현동,777,마포래미안푸르지오2단지,59.9656,"83,500"
서울특별시 마포구 아현동,777,마포래미안푸르지오2단지,114.7267,"125,000"
서울특별시 마포구 아현동,777,마포래미안푸르지오2단지,84.3884,"125,000"
서울특별시 마포구 아현동,777,마포래미안푸르지오2단지,114.588,"143,000"
서울특별시 마포구 아현동,777,마포래미안푸르지오2단지,84.5978,"125,000"
서울특별시 마포구 아현동,777,마포래미안푸르지오2단지,114.7267,"134,000"
서울특별시 마포구 아현동,777,마포래미안푸르지오2단지,59.9452,"100,500"
서울특별시 마포구 아현동,777,마포래미안푸르지오3단지,59.9236,"81,500"
서울특별시 마포구 아현동,777,마포래미안푸르지오3단지,59.9236,"82,500"
서울특별시 마포구 아현동,777,마포래미안푸르지오3단지,84.5978,"102,000"
서울특별시 마포구 아현동,777,마포래미안푸르지오3단지,59.9452,"87,500"
서울특별시 마포구 아현동,777,마포래미안푸르지오3단지,84.8919,"100,000"
서울특별시 마포구 아현동,777,마포래미안푸르지오3단지,59.9452,"76,000"
서울특별시 마포구 아현동,777,마포래미안푸르지오3단지,114.7267,"134,000"
서울특별시 마포구 아현동,777,마포래미안푸르지오3단지,114.7267,"130,000"
서울특별시 마포구 아현동,777,마포래미안푸르지오3단지,114.7267,"127,000"
서울특별시 마포구 아현동,777,마포래미안푸르지오3단지,59.9236,"89,900"
서울특별시 마포구 아현동,777,마포래미안푸르지오3단지,84.8919,"115,000"
서울특별시 마포구 아현동,777,마포래미안푸르지오3단지,145.204,"165,000"
서울특별시 마포구 아현동,777,마포래미안푸르지오3단지,59.9452,"94,500"
서울특별시 마포구 아현동,777,마포래미안푸르지오3단지,59.9452,"94,500"
서울특별시 마포구 아현동,777,마포래미안푸르지오3단지,145.204,"170,000"
서울특별시 마포구 아현동,777,마포래미안푸르지오3단지,59.9796,"92,000"
서울특별시 마포구 아현동,777,마포래미안푸르지오3단지,84.5978,"124,000"
서울특별시 마포구 아현동,777,마포래미안푸르지오3단지,59.9236,"89,500"
서울특별시 마포구 아현동,777,마포래미안푸르지오4단지,59.9656,"89,800"
서울특별시 마포구 아현동,777,마포래미안푸르지오4단지,114.588,"122,000"
서울특별시 마포구 아현동,777,마포래미안푸르지오4단지,84.5978,"104,000"
서울특별시 마포구 아현동,777,마포래미안푸르지오4단지,84.3884,"120,400"
서울특별시 마포구 아현동,777,마포래미안푸르지오4단지,59.9656,"89,900"
서울특별시 마포구 아현동,777,마포래미안푸르지오4단지,84.5978,"110,000"
서울특별시 마포구 아현동,777,마포래미안푸르지오4단지,114.588,"121,500"
서울특별시 마포구 아현동,777,마포래미안푸르지오4단지,84.5978,"118,000"
서울특별시 마포구 아현동,777,마포래미안푸르지오4단지,114.7267,"125,000"
서울특별시 마포구 아현동,777,마포래미안푸르지오4단지,59.9656,"88,000"
서울특별시 마포구 아현동,777,마포래미안푸르지오4단지,84.8919,"113,500"
서울특별시 마포구 아현동,777,마포래미안푸르지오4단지,59.9452,"93,000"
서울특별시 마포구 아현동,777,마포래미안푸르지오4단지,59.9452,"100,000"
서울특별시 마포구 아현동,777,마포래미안푸르지오4단지,59.9236,"94,000"
서울특별시 마포구 아현동,777,마포래미안푸르지오4단지,59.9656,"95,500"
서울특별시 마포구 아현동,777,마포래미안푸르지오4단지,114.588,"140,000"
서울특별시 마포구 아현동,777,마포래미안푸르지오4단지,84.5978,"133,000"
서울특별시 마포구 아현동,777,마포래미안푸르지오4단지,114.2802,"160,000"
서울특별시 마포구 아현동,777,마포래미안푸르지오4단지,59.9656,"95,000"
서울특별시 마포구 아현동,777,마포래미안푸르지오4단지,114.2802,"150,000"
서울특별시 마포구 아현동,777,마포래미안푸르지오4단지,114.2802,"151,500"
서울특별시 마포구 아현동,777,마포래미안푸르지오4단지,59.9656,"100,000"
서울특별시 마포구 아현동,777,마포래미안푸르지오4단지,84.3884,"139,000"
서울특별시 마포구 아현동,777,마포래미안푸르지오4단지,84.3884,"138,000"
서울특별시 마포구 아현동,738,마포트라팰리스2차,99.56,"75,000"
서울특별시 마포구 아현동,738,마포트라팰리스2차,99.56,"77,000"
서울특별시 마포구 아현동,738,마포트라팰리스2차,104.89,"80,000"
서울특별시 마포구 아현동,738,마포트라팰리스2차,99.56,"78,000"
서울특별시 마포구 아현동,738,마포트라팰리스2차,104.89,"81,000"
서울특별시 마포구 아현동,738,마포트라팰리스2차,84.93,"76,000"
서울특별시 마포구 아현동,738,마포트라팰리스2차,99.56,"82,000"
서울특별시 마포구 아현동,738,마포트라팰리스2차,104.89,"80,000"
서울특별시 마포구 아현동,738,마포트라팰리스2차,99.56,"81,500"
서울특별시 마포구 아현동,732,삼환나띠르빌,84.9,"70,500"
서울특별시 마포구 아현동,732,삼환나띠르빌,84.9,"54,000"
서울특별시 마포구 아현동,732,삼환나띠르빌,84.9,"72,000"
서울특별시 마포구 아현동,692,서서울삼성,84.89,"59,000"
서울특별시 마포구 아현동,692,서서울삼성,84.89,"60,000"
서울특별시 마포구 아현동,692,서서울삼성,48.92,"46,000"
서울특별시 마포구 아현동,692,서서울삼성,84.89,"61,000"
서울특별시 마포구 아현동,692,서서울삼성,84.89,"63,700"
서울특별시 마포구 아현동,692,서서울삼성,84.89,"68,900"
서울특별시 마포구 아현동,692,서서울삼성,48.92,"44,700"
서울특별시 마포구 아현동,692,서서울삼성,48.92,"46,000"
서울특별시 마포구 아현동,802,아현아이파크,84.9668,"95,000"
서울특별시 마포구 아현동,802,아현아이파크,84.9668,"93,500"
서울특별시 마포구 아현동,802,아현아이파크,84.9668,"98,000"
서울특별시 마포구 아현동,802,아현아이파크,111.1083,"119,000"
서울특별시 마포구 아현동,371-1,예미원,67.9,"44,400"
서울특별시 마포구 아현동,371-1,예미원,84.88,"56,500"
서울특별시 마포구 아현동,371-1,예미원,49.58,"32,000"
서울특별시 마포구 아현동,613-10,혜성,84.59,"48,000"
서울특별시 마포구 아현동,613-10,혜성,86.35,"46,200"
서울특별시 마포구 아현동,613-10,혜성,99.87,"51,000"
서울특별시 마포구 아현동,613-10,혜성,98.91,"54,500"
서울특별시 마포구 아현동,613-10,혜성,98.88,"55,000"
서울특별시 마포구 연남동,246-1,노블레스빌(246-1),36.81,"28,000"
서울특별시 마포구 연남동,249-3,노블레스빌2,82.18,"49,500"
서울특별시 마포구 연남동,259-1,대명,55.24,"44,300"
서울특별시 마포구 연남동,259-1,대명,55.24,"42,000"
서울특별시 마포구 연남동,564-35,리츠,80.28,"55,500"
서울특별시 마포구 연남동,244-15,새마을,41.65,"27,500"
서울특별시 마포구 연남동,244-15,새마을,41.65,"28,000"
서울특별시 마포구 연남동,244-15,새마을,41.65,"28,750"
서울특별시 마포구 연남동,250-8,서암,66.45,"36,300"
서울특별시 마포구 연남동,573,코오롱,84.936,"65,000"
서울특별시 마포구 연남동,573,코오롱,84.936,"58,500"
서울특별시 마포구 연남동,573,코오롱,114.88,"81,000"
서울특별시 마포구 연남동,573,코오롱,150.048,"80,000"
서울특별시 마포구 연남동,573,코오롱,114.88,"81,000"
서울특별시 마포구 연남동,573,코오롱,84.936,"46,000"
서울특별시 마포구 연남동,573,코오롱,84.936,"64,000"
서울특별시 마포구 연남동,573,코오롱,59.76,"54,750"
서울특별시 마포구 연남동,573,코오롱,102.158,"71,000"
서울특별시 마포구 연남동,573,코오롱,84.936,"66,800"
서울특별시 마포구 연남동,573,코오롱,59.76,"57,500"
서울특별시 마포구 연남동,573,코오롱,114.88,"88,000"
서울특별시 마포구 연남동,246-8,현대하이츠,80.24,"48,000"
서울특별시 마포구 연남동,478-12,휴먼,84.63,"45,000"
서울특별시 마포구 염리동,521,마포자이,113.803,"108,000"
서울특별시 마포구 염리동,521,마포자이,113.803,"113,000"
서울특별시 마포구 염리동,521,마포자이,135.376,"120,200"
서울특별시 마포구 염리동,521,마포자이,113.803,"114,000"
서울특별시 마포구 염리동,521,마포자이,135.376,"120,000"
서울특별시 마포구 염리동,521,마포자이,113.803,"115,000"
서울특별시 마포구 염리동,521,마포자이,157.304,"120,000"
서울특별시 마포구 염리동,521,마포자이,157.304,"140,000"
서울특별시 마포구 염리동,521,마포자이,135.376,"119,500"
서울특별시 마포구 염리동,521,마포자이,113.803,"130,000"
서울특별시 마포구 염리동,521,마포자이,84.692,"90,000"
서울특별시 마포구 염리동,521,마포자이,84.692,"102,000"
서울특별시 마포구 염리동,515-1,상록,58.71,"46,000"
서울특별시 마포구 염리동,515-1,상록,58.71,"46,000"
서울특별시 마포구 염리동,515-1,상록,58.71,"43,000"
서울특별시 마포구 염리동,515-1,상록,49.8,"41,800"
서울특별시 마포구 염리동,515-1,상록,58.71,"46,500"
서울특별시 마포구 염리동,515-1,상록,58.71,"42,800"
서울특별시 마포구 염리동,515-1,상록,58.71,"42,000"
서울특별시 마포구 염리동,515-1,상록,49.02,"42,000"
서울특별시 마포구 염리동,515-1,상록,49.8,"43,300"
서울특별시 마포구 염리동,515-1,상록,58.71,"47,500"
서울특별시 마포구 염리동,515-1,상록,57.88,"44,800"
서울특별시 마포구 염리동,515-1,상록,58.71,"49,000"
서울특별시 마포구 염리동,515-1,상록,58.71,"48,000"
서울특별시 마포구 염리동,515-1,상록,49.8,"40,900"
서울특별시 마포구 염리동,515-1,상록,49.8,"44,700"
서울특별시 마포구 염리동,515-1,상록,58.71,"51,500"
서울특별시 마포구 염리동,515-1,상록,57.88,"53,500"
서울특별시 마포구 염리동,515-1,상록,57.88,"38,000"
서울특별시 마포구 염리동,515-1,상록,49.8,"37,000"
서울특별시 마포구 염리동,515-1,상록,58.71,"53,000"
서울특별시 마포구 염리동,515-1,상록,57.88,"53,400"
서울특별시 마포구 염리동,515-1,상록,57.88,"53,000"
서울특별시 마포구 염리동,515-1,상록,57.88,"53,750"
서울특별시 마포구 염리동,522,세양청마루(101동),84.47,"75,000"
서울특별시 마포구 염리동,520,염리삼성래미안,59.76,"60,000"
서울특별시 마포구 염리동,520,염리삼성래미안,84.96,"72,000"
서울특별시 마포구 염리동,520,염리삼성래미안,84.69,"68,500"
서울특별시 마포구 염리동,520,염리삼성래미안,59.52,"64,300"
서울특별시 마포구 염리동,520,염리삼성래미안,59.76,"61,900"
서울특별시 마포구 염리동,520,염리삼성래미안,59.76,"61,000"
서울특별시 마포구 염리동,520,염리삼성래미안,84.96,"75,000"
서울특별시 마포구 염리동,520,염리삼성래미안,84.96,"77,000"
서울특별시 마포구 염리동,520,염리삼성래미안,59.52,"66,400"
서울특별시 마포구 염리동,520,염리삼성래미안,84.96,"78,500"
서울특별시 마포구 염리동,520,염리삼성래미안,114.48,"90,000"
서울특별시 마포구 염리동,520,염리삼성래미안,84.96,"68,000"
서울특별시 마포구 염리동,520,염리삼성래미안,59.76,"59,000"
서울특별시 마포구 염리동,520,염리삼성래미안,84.96,"79,500"
서울특별시 마포구 염리동,520,염리삼성래미안,84.96,"79,500"
서울특별시 마포구 염리동,520,염리삼성래미안,114.48,"94,500"
서울특별시 마포구 염리동,520,염리삼성래미안,114.48,"93,500"
서울특별시 마포구 염리동,161-1,중앙하이츠,83.82,"63,000"
서울특별시 마포구 염리동,161-1,중앙하이츠,83.82,"61,700"
서울특별시 마포구 염리동,161-1,중앙하이츠,83.82,"75,000"
서울특별시 마포구 용강동,508,e편한세상마포리버파크,84.98,"115,000"
서울특별시 마포구 용강동,508,e편한세상마포리버파크,59.98,"88,000"
서울특별시 마포구 용강동,508,e편한세상마포리버파크,59.98,"87,000"
서울특별시 마포구 용강동,508,e편한세상마포리버파크,84.98,"120,000"
서울특별시 마포구 용강동,508,e편한세상마포리버파크,84.98,"120,000"
서울특별시 마포구 용강동,508,e편한세상마포리버파크,59.98,"89,500"
서울특별시 마포구 용강동,508,e편한세상마포리버파크,59.98,"101,000"
서울특별시 마포구 용강동,508,e편한세상마포리버파크,59.98,"94,500"
서울특별시 마포구 용강동,508,e편한세상마포리버파크,84.98,"129,000"
서울특별시 마포구 용강동,508,e편한세상마포리버파크,59.98,"107,000"
서울특별시 마포구 용강동,508,e편한세상마포리버파크,84.98,"126,400"
서울특별시 마포구 용강동,508,e편한세상마포리버파크,123.44,"155,800"
서울특별시 마포구 용강동,501,대림2차,84.7,"72,000"
서울특별시 마포구 용강동,501,대림2차,84.7,"75,000"
서울특별시 마포구 용강동,501,대림2차,84.88,"85,000"
서울특별시 마포구 용강동,501,대림2차,118.86,"102,500"
서울특별시 마포구 용강동,501,대림2차,118.86,"96,000"
서울특별시 마포구 용강동,501,대림2차,84.7,"78,000"
서울특별시 마포구 용강동,501,대림2차,118.86,"60,000"
서울특별시 마포구 용강동,501,대림2차,118.86,"94,000"
서울특별시 마포구 용강동,501,대림2차,118.86,"93,000"
서울특별시 마포구 용강동,502,래미안마포리버웰,84.99,"120,000"
서울특별시 마포구 용강동,502,래미안마포리버웰,84.99,"109,500"
서울특별시 마포구 용강동,502,래미안마포리버웰,114.97,"134,000"
서울특별시 마포구 용강동,502,래미안마포리버웰,59.98,"90,000"
서울특별시 마포구 용강동,502,래미안마포리버웰,84.97,"110,000"
서울특별시 마포구 용강동,502,래미안마포리버웰,84.97,"111,000"
서울특별시 마포구 용강동,502,래미안마포리버웰,84.98,"128,000"
서울특별시 마포구 용강동,502,래미안마포리버웰,114.66,"149,000"
서울특별시 마포구 용강동,500,마포대림1,131.85,"94,000"
서울특별시 마포구 용강동,500,마포대림1,131.85,"89,500"
서울특별시 마포구 용강동,500,마포대림1,131.85,"90,000"
서울특별시 마포구 용강동,500,마포대림1,131.85,"97,000"
서울특별시 마포구 용강동,380,마포용강삼성래미안,84.2,"85,000"
서울특별시 마포구 용강동,380,마포용강삼성래미안,59.99,"69,500"
서울특별시 마포구 용강동,380,마포용강삼성래미안,59.99,"69,700"
서울특별시 마포구 용강동,380,마포용강삼성래미안,114.03,"110,500"
서울특별시 마포구 용강동,380,마포용강삼성래미안,114.03,"110,000"
서울특별시 마포구 용강동,380,마포용강삼성래미안,59.98,"75,000"
서울특별시 마포구 용강동,380,마포용강삼성래미안,131.79,"111,000"
서울특별시 마포구 용강동,380,마포용강삼성래미안,59.98,"78,000"
서울특별시 마포구 용강동,380,마포용강삼성래미안,84.2,"93,000"
서울특별시 마포구 중동,36-29,강림월드타운,66.59,"39,000"
서울특별시 마포구 중동,36-29,강림월드타운,66.59,"41,000"
서울특별시 마포구 중동,393,건영월드컵,78.39,"50,000"
서울특별시 마포구 중동,393,건영월드컵,109.35,"56,000"
서울특별시 마포구 중동,391,계룡,84.6,"56,000"
서울특별시 마포구 중동,391,계룡,84.6,"58,500"
서울특별시 마포구 중동,391,계룡,60,"44,800"
서울특별시 마포구 중동,391,계룡,84.6,"55,200"
서울특별시 마포구 중동,391,계룡,84.6,"55,000"
서울특별시 마포구 중동,395,동원월드타운,59.915,"40,700"
서울특별시 마포구 중동,395,동원월드타운,118.085,"57,000"
서울특별시 마포구 중동,395,동원월드타운,84.869,"49,900"
서울특별시 마포구 중동,392,마포중동현대,59.88,"43,300"
서울특별시 마포구 중동,392,마포중동현대,84.9,"56,000"
서울특별시 마포구 중동,392,마포중동현대,84.9,"54,400"
서울특별시 마포구 중동,392,마포중동현대,59.88,"44,900"
서울특별시 마포구 중동,392,마포중동현대,59.88,"40,000"
서울특별시 마포구 중동,392,마포중동현대,84.9,"56,500"
서울특별시 마포구 중동,392,마포중동현대,114.93,"59,900"
서울특별시 마포구 중동,392,마포중동현대,59.88,"46,500"
서울특별시 마포구 중동,392,마포중동현대,59.88,"41,000"
서울특별시 마포구 중동,392,마포중동현대,59.88,"42,000"
서울특별시 마포구 중동,392,마포중동현대,59.88,"44,550"
서울특별시 마포구 중동,392,마포중동현대,84.9,"55,500"
서울특별시 마포구 중동,392,마포중동현대,59.88,"44,300"
서울특별시 마포구 중동,392,마포중동현대,59.88,"46,000"
서울특별시 마포구 중동,392,마포중동현대,114.93,"66,000"
서울특별시 마포구 중동,392,마포중동현대,114.93,"69,000"
서울특별시 마포구 중동,392,마포중동현대,59.88,"48,000"
서울특별시 마포구 중동,30-28,수풍,84.39,"38,400"
서울특별시 마포구 중동,398,울트라월드컵(참누리),84.9572,"65,000"
서울특별시 마포구 중동,398,울트라월드컵(참누리),84.9572,"67,000"
서울특별시 마포구 중동,398,울트라월드컵(참누리),84.9406,"67,500"
서울특별시 마포구 중동,398,울트라월드컵(참누리),84.9572,"69,000"
서울특별시 마포구 중동,398,울트라월드컵(참누리),84.9572,"69,000"
서울특별시 마포구 중동,398,울트라월드컵(참누리),84.9406,"69,000"
서울특별시 마포구 중동,398,울트라월드컵(참누리),84.9572,"70,300"
서울특별시 마포구 중동,398,울트라월드컵(참누리),84.9572,"69,500"
서울특별시 마포구 중동,390,청구,84.9,"56,000"
서울특별시 마포구 중동,390,청구,84.9,"56,000"
서울특별시 마포구 중동,390,청구,84.9,"59,500"
서울특별시 마포구 중동,390,청구,84.9,"59,900"
서울특별시 마포구 중동,Dec-40,현대,59.55,"43,700"
서울특별시 마포구 중동,Dec-40,현대,59.55,"42,900"
서울특별시 마포구 중동,Dec-40,현대,84.94,"53,000"
서울특별시 마포구 중동,Dec-40,현대,84.94,"54,000"
서울특별시 마포구 중동,Dec-40,현대,114.98,"59,000"
서울특별시 마포구 중동,Dec-40,현대,84.94,"53,800"
서울특별시 마포구 중동,Dec-40,현대,84.94,"54,000"
서울특별시 마포구 중동,Dec-40,현대,114.98,"58,900"
서울특별시 마포구 중동,Dec-40,현대,84.94,"57,300"
서울특별시 마포구 창전동,444,서강예가,84.988,"80,000"
서울특별시 마포구 창전동,444,서강예가,59.983,"70,000"
서울특별시 마포구 창전동,444,서강예가,84.988,"80,000"
서울특별시 마포구 창전동,444,서강예가,84.988,"85,000"
서울특별시 마포구 창전동,444,서강예가,84.988,"78,000"
서울특별시 마포구 창전동,444,서강예가,84.988,"81,000"
서울특별시 마포구 창전동,444,서강예가,59.983,"70,000"
서울특별시 마포구 창전동,444,서강예가,119.301,"105,000"
서울특별시 마포구 창전동,444,서강예가,84.988,"65,000"
서울특별시 마포구 창전동,444,서강예가,59.983,"77,000"
서울특별시 마포구 창전동,444,서강예가,84.988,"92,500"
서울특별시 마포구 창전동,444,서강예가,84.988,"90,000"
서울특별시 마포구 창전동,444,서강예가,59.983,"80,000"
서울특별시 마포구 창전동,442,서강오벨리스크스위트,84.96,"59,500"
서울특별시 마포구 창전동,442,서강오벨리스크스위트,84.96,"65,000"
서울특별시 마포구 창전동,442,서강오벨리스크스위트,84.96,"65,500"
서울특별시 마포구 창전동,442,서강오벨리스크스위트,84.96,"66,800"
서울특별시 마포구 창전동,442,서강오벨리스크스위트,98.82,"76,500"
서울특별시 마포구 창전동,442,서강오벨리스크스위트,73.38,"67,000"
서울특별시 마포구 창전동,442,서강오벨리스크스위트,84.96,"69,000"
서울특별시 마포구 창전동,442,서강오벨리스크스위트,76.04,"67,850"
서울특별시 마포구 창전동,438,신촌금호,84.95,"62,500"
서울특별시 마포구 창전동,438,신촌금호,59.21,"52,000"
서울특별시 마포구 창전동,438,신촌금호,84.86,"53,000"
서울특별시 마포구 창전동,438,신촌금호,84.86,"54,500"
서울특별시 마포구 창전동,438,신촌금호,84.86,"64,000"
서울특별시 마포구 창전동,439,신촌태영데시앙,84.97,"70,000"
서울특별시 마포구 창전동,439,신촌태영데시앙,84.97,"72,500"
서울특별시 마포구 창전동,439,신촌태영데시앙,84.97,"77,000"
서울특별시 마포구 창전동,439,신촌태영데시앙,84.97,"74,000"
서울특별시 마포구 창전동,439,신촌태영데시앙,84.97,"78,000"
서울특별시 마포구 창전동,439,신촌태영데시앙,84.97,"77,000"
서울특별시 마포구 창전동,439,신촌태영데시앙,84.97,"63,500"
서울특별시 마포구 창전동,439,신촌태영데시앙,84.97,"80,000"
서울특별시 마포구 창전동,439,신촌태영데시앙,84.97,"80,000"
서울특별시 마포구 창전동,439,신촌태영데시앙,84.97,"76,000"
서울특별시 마포구 창전동,Aug-42,중앙하이츠 102동,57.86,"37,000"
서울특별시 마포구 창전동,441,창전 쌍용스윗닷홈,84.983,"66,400"
서울특별시 마포구 창전동,441,창전 쌍용스윗닷홈,84.983,"67,500"
서울특별시 마포구 창전동,441,창전 쌍용스윗닷홈,84.983,"70,000"
서울특별시 마포구 창전동,441,창전 쌍용스윗닷홈,84.983,"73,000"
서울특별시 마포구 창전동,440,창전동현대홈타운,59.651,"60,000"
서울특별시 마포구 창전동,440,창전동현대홈타운,84.978,"74,500"
서울특별시 마포구 창전동,440,창전동현대홈타운,59.651,"69,500"
서울특별시 마포구 창전동,440,창전동현대홈타운,84.978,"84,000"
서울특별시 마포구 창전동,440,창전동현대홈타운,84.978,"80,000"
서울특별시 마포구 창전동,440,창전동현대홈타운,84.978,"80,000"
서울특별시 마포구 창전동,437,창전래미안,59.94,"54,000"
서울특별시 마포구 창전동,437,창전래미안,59.94,"49,900"
서울특별시 마포구 창전동,437,창전래미안,84.93,"61,000"
서울특별시 마포구 창전동,437,창전래미안,84.93,"65,000"
서울특별시 마포구 창전동,437,창전래미안,114.82,"72,800"
서울특별시 마포구 창전동,437,창전래미안,84.93,"64,000"
서울특별시 마포구 창전동,437,창전래미안,84.93,"67,000"
서울특별시 마포구 창전동,437,창전래미안,114.82,"73,000"
서울특별시 마포구 창전동,437,창전래미안,59.94,"63,000"
서울특별시 마포구 창전동,437,창전래미안,59.94,"59,500"
서울특별시 마포구 창전동,437,창전래미안,114.82,"70,500"
서울특별시 마포구 창전동,437,창전래미안,114.82,"71,900"
서울특별시 마포구 창전동,437,창전래미안,84.93,"67,500"
서울특별시 마포구 창전동,437,창전래미안,84.93,"61,500"
서울특별시 마포구 창전동,437,창전래미안,59.94,"65,000"
서울특별시 마포구 창전동,437,창전래미안,84.93,"72,000"
서울특별시 마포구 창전동,437,창전래미안,114.82,"75,000"
서울특별시 마포구 창전동,437,창전래미안,84.93,"69,500"
서울특별시 마포구 창전동,443,해모로,83.85,"73,000"
서울특별시 마포구 창전동,443,해모로,83.85,"87,000"
서울특별시 마포구 창전동,443,해모로,83.85,"85,000"
서울특별시 마포구 창전동,443,해모로,83.85,"85,000"
서울특별시 마포구 창전동,443,해모로,59.867,"72,000"
서울특별시 마포구 창전동,443,해모로,59.713,"74,000"
서울특별시 마포구 창전동,443,해모로,83.871,"87,500"
서울특별시 마포구 창전동,443,해모로,59.713,"72,000"
서울특별시 마포구 창전동,443,해모로,83.85,"89,000"
서울특별시 마포구 창전동,443,해모로,83.85,"88,000"
서울특별시 마포구 창전동,443,해모로,59.713,"74,500"
서울특별시 마포구 창전동,443,해모로,83.85,"82,000"
서울특별시 마포구 창전동,443,해모로,83.85,"86,000"
서울특별시 마포구 창전동,443,해모로,83.85,"87,000"
서울특별시 마포구 창전동,443,해모로,83.85,"80,000"
서울특별시 마포구 토정동,138,한강삼성,84.96,"75,800"
서울특별시 마포구 토정동,138,한강삼성,59.76,"60,000"
서울특별시 마포구 토정동,138,한강삼성,59.76,"65,000"
서울특별시 마포구 토정동,138,한강삼성,59.76,"65,000"
서울특별시 마포구 토정동,138,한강삼성,59.76,"64,000"
서울특별시 마포구 토정동,138,한강삼성,59.76,"59,000"
서울특별시 마포구 토정동,138,한강삼성,84.96,"64,800"
서울특별시 마포구 토정동,138,한강삼성,59.76,"63,900"
서울특별시 마포구 토정동,138,한강삼성,59.76,"60,000"
서울특별시 마포구 토정동,138,한강삼성,84.96,"78,000"
서울특별시 마포구 토정동,138,한강삼성,59.76,"62,000"
서울특별시 마포구 토정동,138,한강삼성,59.76,"59,800"
서울특별시 마포구 하중동,101,한강밤섬자이,138.08,"129,500"
서울특별시 마포구 하중동,101,한강밤섬자이,118.28,"113,000"
서울특별시 마포구 하중동,101,한강밤섬자이,118.28,"111,500"
서울특별시 마포구 하중동,101,한강밤섬자이,168.15,"160,500"
서울특별시 마포구 하중동,101,한강밤섬자이,168.15,"148,500"
서울특별시 마포구 하중동,101,한강밤섬자이,132.54,"120,000"
서울특별시 마포구 하중동,101,한강밤섬자이,84.99,"88,000"
서울특별시 마포구 하중동,101,한강밤섬자이,118.28,"110,000"
서울특별시 마포구 하중동,101,한강밤섬자이,132.54,"116,800"
서울특별시 마포구 하중동,101,한강밤섬자이,132.54,"117,400"
서울특별시 마포구 하중동,101,한강밤섬자이,138.08,"138,500"
서울특별시 마포구 하중동,101,한강밤섬자이,132.54,"118,000"
서울특별시 마포구 하중동,101,한강밤섬자이,118.28,"127,000"
서울특별시 마포구 하중동,101,한강밤섬자이,138.08,"120,000"
서울특별시 마포구 하중동,101,한강밤섬자이,118.28,"114,700"
서울특별시 마포구 하중동,101,한강밤섬자이,118.28,"119,500"
서울특별시 마포구 하중동,101,한강밤섬자이,138.08,"147,000"
서울특별시 마포구 하중동,101,한강밤섬자이,138.08,"128,000"
서울특별시 마포구 하중동,101,한강밤섬자이,118.28,"120,000"
서울특별시 마포구 하중동,101,한강밤섬자이,168.63,"158,000"
서울특별시 마포구 하중동,101,한강밤섬자이,138.08,"155,000"
서울특별시 마포구 하중동,101,한강밤섬자이,138.08,"127,000"
서울특별시 마포구 하중동,101,한강밤섬자이,138.08,"130,000"
서울특별시 마포구 하중동,101,한강밤섬자이,132.54,"120,000"
서울특별시 마포구 하중동,101,한강밤섬자이,160.39,"167,000"
서울특별시 마포구 하중동,101,한강밤섬자이,168.63,"138,000"
서울특별시 마포구 하중동,101,한강밤섬자이,118.28,"124,000"
서울특별시 마포구 하중동,101,한강밤섬자이,138.08,"121,000"
서울특별시 마포구 합정동,450-11,(450-11),59.41,"43,000"
서울특별시 마포구 합정동,390-5,대운,72.2,"49,800"
서울특별시 마포구 합정동,467,동원한강파크빌,84.92,"59,000"
서울특별시 마포구 합정동,467,동원한강파크빌,84.87,"58,000"
서울특별시 마포구 합정동,467,동원한강파크빌,103.34,"72,500"
서울특별시 마포구 합정동,386-9,두레,97.39,"60,000"
서울특별시 마포구 합정동,468,두영이지안,84.36,"58,000"
서울특별시 마포구 합정동,357-5,두영이지안,84.876,"69,000"
서울특별시 마포구 합정동,472,마포 한강 푸르지오,137.04,"151,000"
서울특별시 마포구 합정동,472,마포 한강 푸르지오,84.64,"117,000"
서울특별시 마포구 합정동,473,마포한강2차푸르지오,83.45,"110,000"
서울특별시 마포구 합정동,473,마포한강2차푸르지오,83.45,"121,500"
서울특별시 마포구 합정동,473,마포한강2차푸르지오,83.45,"120,000"
서울특별시 마포구 합정동,470,일신건영휴먼빌,84.553,"59,000"
서울특별시 마포구 합정동,470,일신건영휴먼빌,84.442,"65,000"
서울특별시 마포구 합정동,466,장미(466-0),61.62,"39,300"
서울특별시 마포구 합정동,469,한국프라우드,84.9747,"69,000"
서울특별시 마포구 합정동,386-2,현대하이츠,80.82,"50,000"
서울특별시 마포구 현석동,222,강변힐스테이트,59.78,"62,000"
서울특별시 마포구 현석동,222,강변힐스테이트,84.85,"73,000"
서울특별시 마포구 현석동,222,강변힐스테이트,59.78,"60,000"
서울특별시 마포구 현석동,222,강변힐스테이트,59.54,"68,500"
서울특별시 마포구 현석동,222,강변힐스테이트,84.85,"73,900"
서울특별시 마포구 현석동,222,강변힐스테이트,84.85,"73,000"
서울특별시 마포구 현석동,222,강변힐스테이트,59.54,"63,000"
서울특별시 마포구 현석동,222,강변힐스테이트,84.85,"71,000"
서울특별시 마포구 현석동,222,강변힐스테이트,59.78,"54,000"
서울특별시 마포구 현석동,222,강변힐스테이트,59.54,"62,500"
서울특별시 마포구 현석동,222,강변힐스테이트,114.99,"93,000"
서울특별시 마포구 현석동,222,강변힐스테이트,84.85,"84,500"
서울특별시 마포구 현석동,222,강변힐스테이트,84.85,"74,000"
서울특별시 마포구 현석동,222,강변힐스테이트,59.54,"55,000"
서울특별시 마포구 현석동,222,강변힐스테이트,59.54,"62,500"
서울특별시 마포구 현석동,222,강변힐스테이트,84.85,"85,000"
서울특별시 마포구 현석동,222,강변힐스테이트,84.85,"83,150"
서울특별시 마포구 현석동,222,강변힐스테이트,114.99,"91,000"
서울특별시 마포구 현석동,222,강변힐스테이트,114.99,"79,500"
서울특별시 마포구 현석동,222,강변힐스테이트,84.85,"87,000"
서울특별시 마포구 현석동,222,강변힐스테이트,59.78,"71,500"
서울특별시 마포구 현석동,222,강변힐스테이트,84.85,"79,000"
서울특별시 마포구 현석동,222,강변힐스테이트,84.85,"85,000"
서울특별시 마포구 현석동,222,강변힐스테이트,59.54,"66,500"
서울특별시 마포구 현석동,225,래미안 웰스트림,84.9,"122,000"
서울특별시 마포구 현석동,225,래미안 웰스트림,84.9,"106,000"
서울특별시 마포구 현석동,225,래미안 웰스트림,114.98,"110,000"
서울특별시 마포구 현석동,225,래미안 웰스트림,84.96,"103,000"
서울특별시 마포구 현석동,225,래미안 웰스트림,59.96,"90,000"
서울특별시 마포구 현석동,225,래미안 웰스트림,59.97,"79,000"
서울특별시 마포구 현석동,225,래미안 웰스트림,59.97,"86,000"
서울특별시 마포구 현석동,225,래미안 웰스트림,84.98,"128,500"
서울특별시 마포구 현석동,225,래미안 웰스트림,114.95,"135,000"
서울특별시 마포구 현석동,225,래미안 웰스트림,59.96,"82,000"
서울특별시 마포구 현석동,225,래미안 웰스트림,59.96,"84,000"
서울특별시 마포구 현석동,225,래미안 웰스트림,114.95,"126,400"
서울특별시 마포구 현석동,225,래미안 웰스트림,84.96,"108,000"
서울특별시 마포구 현석동,225,래미안 웰스트림,84.98,"124,000"
서울특별시 마포구 현석동,225,래미안 웰스트림,84.96,"110,000"
서울특별시 마포구 현석동,225,래미안 웰스트림,84.96,"123,000"
서울특별시 마포구 현석동,225,래미안 웰스트림,114.98,"125,500"
서울특별시 마포구 현석동,225,래미안 웰스트림,84.98,"100,000"
서울특별시 마포구 현석동,225,래미안 웰스트림,59.97,"89,900"
서울특별시 마포구 현석동,225,래미안 웰스트림,114.95,"150,000"
서울특별시 마포구 현석동,225,래미안 웰스트림,84.96,"123,500"
서울특별시 마포구 현석동,225,래미안 웰스트림,59.97,"89,500"
서울특별시 마포구 현석동,225,래미안 웰스트림,114.95,"153,000"
서울특별시 마포구 현석동,225,래미안 웰스트림,84.96,"121,000"
서울특별시 마포구 현석동,225,래미안 웰스트림,114.95,"150,000"
서울특별시 마포구 현석동,225,래미안 웰스트림,84.9,"128,000"
서울특별시 마포구 현석동,225,래미안 웰스트림,59.97,"82,000"
서울특별시 마포구 현석동,225,래미안 웰스트림,114.99,"140,000"
서울특별시 마포구 현석동,225,래미안 웰스트림,114.95,"150,000"
서울특별시 마포구 현석동,225,래미안 웰스트림,59.96,"105,000"
서울특별시 마포구 현석동,225,래미안 웰스트림,84.9,"106,000"
서울특별시 마포구 현석동,225,래미안 웰스트림,84.98,"107,000"
서울특별시 마포구 현석동,225,래미안 웰스트림,84.96,"124,500"
서울특별시 마포구 현석동,223,반도유보라아일랜드,139.2289,"128,000"
서울특별시 마포구 현석동,118,밤섬 예가 클래식,89.48,"78,570"
서울특별시 마포구 현석동,118,밤섬 예가 클래식,89.48,"89,300"
서울특별시 마포구 현석동,118,밤섬 예가 클래식,82.36,"79,570"
서울특별시 마포구 현석동,118,밤섬 예가 클래식,85.54,"85,000"
서울특별시 마포구 현석동,118,밤섬 예가 클래식,85.48,"76,500"
서울특별시 마포구 현석동,118,밤섬 예가 클래식,85.54,"81,800"
서울특별시 마포구 현석동,118,밤섬 예가 클래식,89.48,"89,900"
서울특별시 마포구 현석동,118,밤섬 예가 클래식,82.36,"82,570"
서울특별시 마포구 현석동,118,밤섬 예가 클래식,89.48,"88,400"
서울특별시 마포구 현석동,118,밤섬 예가 클래식,85.48,"93,570"
서울특별시 마포구 현석동,118,밤섬 예가 클래식,82.32,"87,020"
서울특별시 마포구 현석동,220,밤섬힐스테이트,114.81,"85,000"
서울특별시 마포구 현석동,220,밤섬힐스테이트,59.4,"54,000"
서울특별시 마포구 현석동,220,밤섬힐스테이트,114.81,"86,800"
서울특별시 마포구 현석동,220,밤섬힐스테이트,59.4,"52,000"
